siparis_id,toplam_tutar,saat,gun_no,hava_durumu,sicaklik_c,urun_sayisi,hafta_sonu,kisi_sayisi,yas_grubu
2000,60.0,0,0,Bulutlu,8.0,1,1,1,25-34
2001,45.0,1,0,Güneşli,16.0,1,1,1,25-34
2002,130.0,1,0,Güneşli,23.0,1,1,1,25-34
2003,735.0,8,0,Soğuk/Karlı,9.0,2,1,1,25-34
2004,495.0,8,0,Bulutlu,16.0,2,1,1,25-34
2005,495.0,8,0,Yağmurlu,8.0,2,1,1,25-34
2006,530.0,8,0,Yağmurlu,22.0,2,1,1,25-34
2007,530.0,8,0,Bulutlu,8.0,2,1,1,25-34
2008,460.0,8,0,Yağmurlu,13.0,2,1,1,25-34
2009,1005.0,8,0,Soğuk/Karlı,17.0,2,1,1,25-34
2010,700.0,8,0,Bulutlu,17.0,2,1,1,25-34
2011,495.0,8,0,Bulutlu,22.0,2,1,1,25-34
2012,1005.0,8,0,Soğuk/Karlı,20.0,2,1,1,25-34
2013,665.0,8,0,Yağmurlu,23.0,2,1,1,25-34
2014,700.0,9,0,Soğuk/Karlı,17.0,2,1,1,25-34
2015,630.0,9,0,Yağmurlu,12.0,2,1,1,25-34
2016,700.0,9,0,Güneşli,15.0,2,1,1,25-34
2017,630.0,9,0,Yağmurlu,10.0,2,1,1,25-34
2018,1075.0,9,0,Yağmurlu,9.0,2,1,1,25-34
2019,425.0,10,0,Bulutlu,8.0,2,1,1,25-34
2020,970.0,10,0,Soğuk/Karlı,23.0,2,1,1,25-34
2021,1005.0,10,0,Bulutlu,12.0,2,1,1,25-34
2022,425.0,10,0,Güneşli,10.0,2,1,1,25-34
2023,460.0,10,0,Soğuk/Karlı,21.0,2,1,1,25-34
2024,495.0,10,0,Bulutlu,9.0,2,1,1,25-34
2025,665.0,10,0,Bulutlu,26.0,2,1,1,25-34
2026,1005.0,10,0,Bulutlu,11.0,2,1,1,25-34
2027,390.0,10,0,Güneşli,16.0,2,1,1,25-34
2028,115.0,11,0,Soğuk/Karlı,23.0,1,1,1,25-34
2029,350.0,11,0,Soğuk/Karlı,24.0,2,1,1,25-34
2030,115.0,11,0,Güneşli,24.0,1,1,1,25-34
2031,495.0,12,0,Güneşli,23.0,3,1,1,25-34
2032,535.0,12,0,Yağmurlu,23.0,3,1,1,25-34
2033,495.0,12,0,Güneşli,25.0,3,1,1,25-34
2034,445.0,12,0,Güneşli,20.0,2,1,1,25-34
2035,340.0,12,0,Soğuk/Karlı,20.0,2,1,1,25-34
2036,495.0,12,0,Soğuk/Karlı,12.0,3,1,1,25-34
2037,535.0,12,0,Yağmurlu,25.0,3,1,1,25-34
2038,355.0,12,0,Bulutlu,22.0,2,1,1,25-34
2039,325.0,12,0,Soğuk/Karlı,24.0,2,1,1,25-34
2040,355.0,12,0,Bulutlu,25.0,2,1,1,25-34
2041,585.0,12,0,Yağmurlu,24.0,3,1,1,25-34
2042,445.0,12,0,Bulutlu,8.0,2,1,1,25-34
2043,325.0,12,0,Bulutlu,24.0,2,1,1,25-34
2044,585.0,12,0,Güneşli,17.0,3,1,1,25-34
2045,340.0,12,0,Soğuk/Karlı,8.0,2,1,1,25-34
2046,495.0,12,0,Soğuk/Karlı,18.0,3,1,1,25-34
2047,495.0,12,0,Yağmurlu,24.0,3,1,1,25-34
2048,355.0,13,0,Bulutlu,24.0,2,1,1,25-34
2049,535.0,13,0,Bulutlu,14.0,3,1,1,25-34
2050,375.0,13,0,Bulutlu,16.0,2,1,1,25-34
2051,465.0,13,0,Güneşli,26.0,2,1,1,25-34
2052,495.0,13,0,Bulutlu,19.0,3,1,1,25-34
2053,455.0,13,0,Yağmurlu,22.0,3,1,1,25-34
2054,535.0,13,0,Güneşli,18.0,3,1,1,25-34
2055,355.0,13,0,Güneşli,17.0,2,1,1,25-34
2056,375.0,13,0,Soğuk/Karlı,16.0,2,1,1,25-34
2057,340.0,13,0,Bulutlu,26.0,2,1,1,25-34
2058,465.0,13,0,Soğuk/Karlı,21.0,2,1,1,25-34
2059,375.0,13,0,Soğuk/Karlı,17.0,2,1,1,25-34
2060,340.0,13,0,Soğuk/Karlı,9.0,2,1,1,25-34
2061,455.0,13,0,Bulutlu,11.0,3,1,1,25-34
2062,60.0,14,0,Soğuk/Karlı,25.0,1,1,1,25-34
2063,115.0,14,0,Güneşli,23.0,1,1,1,25-34
2064,220.0,14,0,Bulutlu,20.0,2,1,1,25-34
2065,215.0,15,0,Güneşli,20.0,2,1,1,25-34
2066,45.0,15,0,Güneşli,9.0,1,1,1,25-34
2067,235.0,16,0,Bulutlu,10.0,2,1,1,25-34
2068,115.0,16,0,Güneşli,23.0,1,1,1,25-34
2069,60.0,17,0,Soğuk/Karlı,19.0,1,1,1,25-34
2070,75.0,18,0,Bulutlu,13.0,1,1,1,25-34
2071,130.0,18,0,Soğuk/Karlı,11.0,1,1,1,25-34
2072,180.0,18,0,Soğuk/Karlı,9.0,2,1,1,25-34
2073,45.0,18,0,Soğuk/Karlı,16.0,1,1,1,25-34
2074,1255.0,19,0,Bulutlu,16.0,3,1,1,25-34
2075,2430.0,19,0,Bulutlu,11.0,4,1,2,25-34
2076,1435.0,19,0,Güneşli,9.0,4,1,2,25-34
2077,1520.0,19,0,Güneşli,21.0,4,1,2,25-34
2078,2320.0,19,0,Soğuk/Karlı,22.0,3,1,1,25-34
2079,1230.0,19,0,Soğuk/Karlı,18.0,3,1,1,25-34
2080,3035.0,19,0,Bulutlu,26.0,5,1,2,25-34
2081,3765.0,19,0,Bulutlu,14.0,2,1,1,25-34
2082,3730.0,19,0,Yağmurlu,25.0,4,1,2,25-34
2083,2010.0,19,0,Soğuk/Karlı,13.0,3,1,1,25-34
2084,3690.0,19,0,Güneşli,25.0,3,1,1,25-34
2085,2310.0,19,0,Bulutlu,9.0,4,1,2,25-34
2086,2100.0,19,0,Güneşli,15.0,5,1,2,25-34
2087,3640.0,19,0,Bulutlu,12.0,4,1,2,25-34
2088,3450.0,19,0,Yağmurlu,17.0,2,1,1,25-34
2089,3805.0,19,0,Soğuk/Karlı,26.0,5,1,2,25-34
2090,2720.0,19,0,Soğuk/Karlı,17.0,3,1,1,25-34
2091,1860.0,19,0,Bulutlu,12.0,4,1,2,25-34
2092,3450.0,19,0,Yağmurlu,18.0,5,1,2,25-34
2093,1385.0,19,0,Soğuk/Karlı,23.0,4,1,2,25-34
2094,2300.0,19,0,Güneşli,24.0,2,1,1,25-34
2095,1450.0,19,0,Güneşli,26.0,3,1,1,25-34
2096,1875.0,19,0,Bulutlu,14.0,2,1,1,25-34
2097,3975.0,20,0,Soğuk/Karlı,9.0,5,1,2,25-34
2098,1510.0,20,0,Bulutlu,24.0,3,1,1,25-34
2099,2440.0,20,0,Güneşli,16.0,2,1,1,25-34
2100,1360.0,20,0,Soğuk/Karlı,26.0,3,1,1,25-34
2101,2395.0,20,0,Güneşli,22.0,5,1,2,25-34
2102,2600.0,20,0,Soğuk/Karlı,17.0,3,1,1,25-34
2103,2980.0,20,0,Güneşli,8.0,3,1,1,25-34
2104,2880.0,20,0,Bulutlu,10.0,3,1,1,25-34
2105,2240.0,20,0,Güneşli,19.0,5,1,2,25-34
2106,3220.0,20,0,Güneşli,8.0,3,1,1,25-34
2107,2435.0,20,0,Bulutlu,20.0,5,1,2,25-34
2108,1755.0,20,0,Soğuk/Karlı,8.0,2,1,1,25-34
2109,2840.0,20,0,Bulutlu,14.0,2,1,1,25-34
2110,2125.0,20,0,Soğuk/Karlı,20.0,3,1,1,25-34
2111,1890.0,20,0,Güneşli,15.0,2,1,1,25-34
2112,4180.0,20,0,Bulutlu,22.0,4,1,2,25-34
2113,4000.0,20,0,Bulutlu,13.0,4,1,2,25-34
2114,2160.0,20,0,Güneşli,23.0,4,1,2,25-34
2115,2590.0,20,0,Güneşli,12.0,5,1,2,25-34
2116,2110.0,20,0,Soğuk/Karlı,15.0,4,1,2,25-34
2117,4270.0,20,0,Bulutlu,8.0,4,1,2,25-34
2118,3975.0,20,0,Yağmurlu,11.0,4,1,2,25-34
2119,3785.0,20,0,Bulutlu,19.0,5,1,2,25-34
2120,1755.0,20,0,Yağmurlu,11.0,3,1,1,25-34
2121,3005.0,20,0,Soğuk/Karlı,22.0,4,1,2,25-34
2122,1190.0,20,0,Yağmurlu,19.0,2,1,1,25-34
2123,4195.0,20,0,Soğuk/Karlı,13.0,3,1,1,25-34
2124,3325.0,20,0,Yağmurlu,24.0,3,1,1,25-34
2125,2020.0,21,0,Güneşli,12.0,4,1,2,25-34
2126,2340.0,21,0,Yağmurlu,14.0,3,1,1,25-34
2127,1695.0,21,0,Yağmurlu,23.0,4,1,2,25-34
2128,2205.0,21,0,Bulutlu,22.0,3,1,1,25-34
2129,3065.0,21,0,Soğuk/Karlı,11.0,4,1,2,25-34
2130,1995.0,21,0,Yağmurlu,21.0,4,1,2,25-34
2131,2430.0,21,0,Bulutlu,18.0,4,1,2,25-34
2132,1855.0,21,0,Bulutlu,24.0,5,1,2,25-34
2133,1370.0,21,0,Yağmurlu,15.0,5,1,2,25-34
2134,3275.0,21,0,Bulutlu,10.0,3,1,1,25-34
2135,3140.0,21,0,Güneşli,16.0,4,1,2,25-34
2136,1485.0,21,0,Yağmurlu,25.0,5,1,2,25-34
2137,1720.0,21,0,Soğuk/Karlı,13.0,4,1,2,25-34
2138,2230.0,21,0,Bulutlu,13.0,4,1,2,25-34
2139,3215.0,21,0,Yağmurlu,26.0,3,1,1,25-34
2140,2690.0,21,0,Bulutlu,20.0,5,1,2,25-34
2141,3145.0,21,0,Soğuk/Karlı,22.0,4,1,2,25-34
2142,255.0,22,0,Soğuk/Karlı,24.0,2,1,1,25-34
2143,45.0,22,0,Bulutlu,14.0,1,1,1,25-34
2144,200.0,22,0,Soğuk/Karlı,11.0,2,1,1,25-34
2145,180.0,23,0,Güneşli,19.0,2,1,1,25-34
2146,130.0,23,0,Güneşli,14.0,1,1,1,25-34
2147,85.0,23,0,Güneşli,20.0,1,1,1,25-34
2148,355.0,23,0,Yağmurlu,10.0,2,1,1,25-34
2149,295.0,0,1,Bulutlu,10.0,2,0,1,25-34
2150,255.0,1,1,Soğuk/Karlı,16.0,2,0,1,25-34
2151,425.0,8,1,Güneşli,23.0,2,0,1,25-34
2152,530.0,8,1,Yağmurlu,21.0,2,0,1,25-34
2153,390.0,8,1,Güneşli,8.0,2,0,1,25-34
2154,665.0,8,1,Soğuk/Karlı,9.0,2,0,1,25-34
2155,770.0,8,1,Soğuk/Karlı,15.0,2,0,1,25-34
2156,460.0,8,1,Güneşli,15.0,2,0,1,25-34
2157,1110.0,8,1,Soğuk/Karlı,25.0,2,0,1,25-34
2158,1040.0,8,1,Soğuk/Karlı,21.0,2,0,1,25-34
2159,425.0,8,1,Soğuk/Karlı,25.0,2,0,1,25-34
2160,530.0,9,1,Güneşli,26.0,2,0,1,25-34
2161,665.0,9,1,Yağmurlu,15.0,2,0,1,25-34
2162,630.0,9,1,Güneşli,15.0,2,0,1,25-34
2163,1005.0,9,1,Bulutlu,22.0,2,0,1,25-34
2164,1005.0,9,1,Bulutlu,21.0,2,0,1,25-34
2165,770.0,9,1,Soğuk/Karlı,8.0,2,0,1,25-34
2166,700.0,9,1,Güneşli,20.0,2,0,1,25-34
2167,390.0,10,1,Yağmurlu,20.0,2,0,1,25-34
2168,770.0,10,1,Yağmurlu,25.0,2,0,1,25-34
2169,460.0,10,1,Güneşli,18.0,2,0,1,25-34
2170,460.0,10,1,Bulutlu,9.0,2,0,1,25-34
2171,460.0,10,1,Yağmurlu,17.0,2,0,1,25-34
2172,735.0,10,1,Soğuk/Karlı,9.0,2,0,1,25-34
2173,425.0,10,1,Soğuk/Karlı,14.0,2,0,1,25-34
2174,530.0,10,1,Soğuk/Karlı,10.0,2,0,1,25-34
2175,700.0,10,1,Bulutlu,22.0,2,0,1,25-34
2176,190.0,11,1,Yağmurlu,22.0,2,0,1,25-34
2177,115.0,11,1,Bulutlu,10.0,1,0,1,25-34
2178,395.0,12,1,Bulutlu,17.0,2,0,1,25-34
2179,585.0,12,1,Güneşli,20.0,3,0,1,25-34
2180,445.0,12,1,Soğuk/Karlı,20.0,2,0,1,25-34
2181,585.0,12,1,Güneşli,23.0,3,0,1,25-34
2182,340.0,12,1,Güneşli,11.0,2,0,1,25-34
2183,495.0,12,1,Soğuk/Karlı,18.0,3,0,1,25-34
2184,395.0,12,1,Soğuk/Karlı,25.0,2,0,1,25-34
2185,585.0,12,1,Güneşli,11.0,3,0,1,25-34
2186,375.0,12,1,Bulutlu,13.0,2,0,1,25-34
2187,395.0,12,1,Soğuk/Karlı,23.0,2,0,1,25-34
2188,495.0,12,1,Bulutlu,10.0,3,0,1,25-34
2189,495.0,12,1,Güneşli,13.0,3,0,1,25-34
2190,355.0,12,1,Bulutlu,22.0,2,0,1,25-34
2191,495.0,12,1,Soğuk/Karlı,9.0,3,0,1,25-34
2192,375.0,12,1,Soğuk/Karlı,23.0,2,0,1,25-34
2193,535.0,12,1,Güneşli,24.0,3,0,1,25-34
2194,535.0,12,1,Bulutlu,13.0,3,0,1,25-34
2195,445.0,12,1,Güneşli,8.0,2,0,1,25-34
2196,495.0,12,1,Soğuk/Karlı,21.0,3,0,1,25-34
2197,375.0,12,1,Bulutlu,12.0,2,0,1,25-34
2198,355.0,12,1,Güneşli,17.0,2,0,1,25-34
2199,455.0,12,1,Güneşli,18.0,3,0,1,25-34
2200,585.0,12,1,Güneşli,9.0,3,0,1,25-34
2201,355.0,13,1,Yağmurlu,16.0,2,0,1,25-34
2202,495.0,13,1,Güneşli,22.0,3,0,1,25-34
2203,325.0,13,1,Güneşli,19.0,2,0,1,25-34
2204,495.0,13,1,Soğuk/Karlı,22.0,3,0,1,25-34
2205,495.0,13,1,Güneşli,12.0,3,0,1,25-34
2206,325.0,13,1,Bulutlu,13.0,2,0,1,25-34
2207,375.0,13,1,Yağmurlu,20.0,2,0,1,25-34
2208,455.0,13,1,Yağmurlu,12.0,3,0,1,25-34
2209,465.0,13,1,Bulutlu,20.0,2,0,1,25-34
2210,495.0,13,1,Yağmurlu,14.0,3,0,1,25-34
2211,355.0,13,1,Güneşli,16.0,2,0,1,25-34
2212,535.0,13,1,Güneşli,24.0,3,0,1,25-34
2213,340.0,13,1,Güneşli,19.0,2,0,1,25-34
2214,325.0,13,1,Bulutlu,26.0,2,0,1,25-34
2215,445.0,13,1,Soğuk/Karlı,21.0,2,0,1,25-34
2216,205.0,14,1,Yağmurlu,13.0,2,0,1,25-34
2217,65.0,14,1,Güneşli,26.0,1,0,1,25-34
2218,75.0,14,1,Bulutlu,12.0,1,0,1,25-34
2219,60.0,15,1,Soğuk/Karlı,22.0,1,0,1,25-34
2220,130.0,15,1,Güneşli,22.0,1,0,1,25-34
2221,65.0,15,1,Güneşli,26.0,1,0,1,25-34
2222,255.0,15,1,Bulutlu,26.0,2,0,1,25-34
2223,130.0,16,1,Bulutlu,19.0,1,0,1,25-34
2224,115.0,16,1,Soğuk/Karlı,17.0,1,0,1,25-34
2225,75.0,16,1,Yağmurlu,22.0,1,0,1,25-34
2226,45.0,17,1,Bulutlu,13.0,1,0,1,25-34
2227,75.0,17,1,Soğuk/Karlı,25.0,1,0,1,25-34
2228,200.0,17,1,Soğuk/Karlı,11.0,2,0,1,25-34
2229,45.0,17,1,Güneşli,12.0,1,0,1,25-34
2230,35.0,18,1,Soğuk/Karlı,8.0,1,0,1,25-34
2231,115.0,18,1,Güneşli,10.0,1,0,1,25-34
2232,2295.0,19,1,Yağmurlu,9.0,3,0,1,25-34
2233,3180.0,19,1,Soğuk/Karlı,10.0,3,0,1,25-34
2234,2090.0,19,1,Bulutlu,8.0,4,0,2,25-34
2235,1650.0,19,1,Yağmurlu,22.0,4,0,2,25-34
2236,3120.0,19,1,Soğuk/Karlı,8.0,4,0,2,25-34
2237,1650.0,19,1,Soğuk/Karlı,18.0,3,0,1,25-34
2238,3420.0,19,1,Güneşli,14.0,3,0,1,25-34
2239,3250.0,19,1,Güneşli,17.0,4,0,2,25-34
2240,1765.0,19,1,Yağmurlu,20.0,4,0,2,25-34
2241,3080.0,19,1,Güneşli,15.0,3,0,1,25-34
2242,2600.0,19,1,Bulutlu,9.0,2,0,1,25-34
2243,2810.0,19,1,Yağmurlu,13.0,4,0,2,25-34
2244,2180.0,19,1,Güneşli,17.0,5,0,2,25-34
2245,2730.0,19,1,Güneşli,25.0,4,0,2,25-34
2246,2120.0,19,1,Bulutlu,14.0,4,0,2,25-34
2247,2595.0,19,1,Güneşli,21.0,3,0,1,25-34
2248,2265.0,19,1,Bulutlu,11.0,3,0,1,25-34
2249,3745.0,19,1,Soğuk/Karlı,9.0,4,0,2,25-34
2250,3370.0,19,1,Yağmurlu,13.0,4,0,2,25-34
2251,2140.0,19,1,Güneşli,24.0,3,0,1,25-34
2252,2085.0,19,1,Soğuk/Karlı,16.0,4,0,2,25-34
2253,2055.0,20,1,Bulutlu,12.0,4,0,2,25-34
2254,2510.0,20,1,Bulutlu,16.0,5,0,2,25-34
2255,1930.0,20,1,Güneşli,24.0,4,0,2,25-34
2256,2235.0,20,1,Soğuk/Karlı,8.0,4,0,2,25-34
2257,4785.0,20,1,Yağmurlu,13.0,5,0,2,25-34
2258,2640.0,20,1,Soğuk/Karlı,19.0,3,0,1,25-34
2259,2235.0,20,1,Güneşli,8.0,4,0,2,25-34
2260,1560.0,20,1,Bulutlu,20.0,3,0,1,25-34
2261,2300.0,20,1,Yağmurlu,17.0,4,0,2,25-34
2262,2655.0,20,1,Güneşli,15.0,5,0,2,25-34
2263,4265.0,20,1,Yağmurlu,11.0,4,0,2,25-34
2264,2800.0,20,1,Soğuk/Karlı,9.0,4,0,2,25-34
2265,2680.0,20,1,Soğuk/Karlı,24.0,2,0,1,25-34
2266,3460.0,20,1,Yağmurlu,19.0,4,0,2,25-34
2267,2820.0,20,1,Güneşli,19.0,3,0,1,25-34
2268,1620.0,20,1,Bulutlu,11.0,3,0,1,25-34
2269,2205.0,20,1,Bulutlu,11.0,4,0,2,25-34
2270,2740.0,20,1,Soğuk/Karlı,26.0,2,0,1,25-34
2271,1590.0,20,1,Yağmurlu,24.0,2,0,1,25-34
2272,2010.0,20,1,Yağmurlu,22.0,4,0,2,25-34
2273,2870.0,20,1,Yağmurlu,22.0,4,0,2,25-34
2274,1545.0,20,1,Yağmurlu,11.0,2,0,1,25-34
2275,2180.0,20,1,Yağmurlu,8.0,2,0,1,25-34
2276,2010.0,20,1,Soğuk/Karlı,8.0,3,0,1,25-34
2277,1845.0,20,1,Bulutlu,9.0,2,0,1,25-34
2278,3230.0,20,1,Güneşli,25.0,5,0,2,25-34
2279,3890.0,20,1,Yağmurlu,15.0,3,0,1,25-34
2280,2010.0,20,1,Yağmurlu,23.0,4,0,2,25-34
2281,3185.0,20,1,Soğuk/Karlı,15.0,4,0,2,25-34
2282,1400.0,21,1,Soğuk/Karlı,17.0,3,0,1,25-34
2283,1530.0,21,1,Yağmurlu,15.0,4,0,2,25-34
2284,2840.0,21,1,Bulutlu,26.0,3,0,1,25-34
2285,4275.0,21,1,Güneşli,14.0,3,0,1,25-34
2286,2175.0,21,1,Bulutlu,12.0,4,0,2,25-34
2287,1625.0,21,1,Güneşli,11.0,5,0,2,25-34
2288,3335.0,21,1,Yağmurlu,24.0,5,0,2,25-34
2289,3740.0,21,1,Güneşli,16.0,4,0,2,25-34
2290,3940.0,21,1,Bulutlu,25.0,5,0,2,25-34
2291,3735.0,21,1,Yağmurlu,11.0,5,0,2,25-34
2292,1400.0,21,1,Bulutlu,13.0,4,0,2,25-34
2293,1190.0,21,1,Yağmurlu,12.0,3,0,1,25-34
2294,2900.0,21,1,Güneşli,11.0,2,0,1,25-34
2295,2055.0,21,1,Yağmurlu,9.0,3,0,1,25-34
2296,1755.0,21,1,Bulutlu,18.0,3,0,1,25-34
2297,2595.0,21,1,Yağmurlu,20.0,3,0,1,25-34
2298,1995.0,21,1,Bulutlu,10.0,3,0,1,25-34
2299,1620.0,21,1,Güneşli,24.0,4,0,2,25-34
2300,115.0,22,1,Bulutlu,25.0,1,0,1,25-34
2301,260.0,22,1,Güneşli,11.0,2,0,1,25-34
2302,65.0,22,1,Soğuk/Karlı,11.0,1,0,1,25-34
2303,85.0,22,1,Bulutlu,8.0,1,0,1,25-34
2304,260.0,23,1,Bulutlu,26.0,2,0,1,25-34
2305,35.0,23,1,Soğuk/Karlı,13.0,1,0,1,25-34
2306,195.0,0,2,Bulutlu,22.0,2,0,1,25-34
2307,150.0,1,2,Bulutlu,9.0,2,0,1,25-34
2308,85.0,1,2,Güneşli,19.0,1,0,1,25-34
2309,35.0,1,2,Bulutlu,23.0,1,0,1,25-34
2310,970.0,8,2,Soğuk/Karlı,18.0,2,0,1,25-34
2311,1075.0,8,2,Güneşli,8.0,2,0,1,25-34
2312,700.0,8,2,Soğuk/Karlı,21.0,2,0,1,25-34
2313,970.0,8,2,Yağmurlu,24.0,2,0,1,25-34
2314,530.0,8,2,Bulutlu,22.0,2,0,1,25-34
2315,530.0,8,2,Soğuk/Karlı,22.0,2,0,1,25-34
2316,1005.0,8,2,Bulutlu,23.0,2,0,1,25-34
2317,665.0,9,2,Güneşli,12.0,2,0,1,25-34
2318,630.0,9,2,Yağmurlu,21.0,2,0,1,25-34
2319,970.0,9,2,Bulutlu,16.0,2,0,1,25-34
2320,735.0,9,2,Soğuk/Karlı,24.0,2,0,1,25-34
2321,700.0,9,2,Bulutlu,15.0,2,0,1,25-34
2322,700.0,9,2,Bulutlu,8.0,2,0,1,25-34
2323,970.0,9,2,Yağmurlu,8.0,2,0,1,25-34
2324,1110.0,10,2,Yağmurlu,22.0,2,0,1,25-34
2325,1075.0,10,2,Yağmurlu,10.0,2,0,1,25-34
2326,495.0,10,2,Soğuk/Karlı,22.0,2,0,1,25-34
2327,1005.0,10,2,Yağmurlu,8.0,2,0,1,25-34
2328,770.0,10,2,Güneşli,13.0,2,0,1,25-34
2329,390.0,10,2,Bulutlu,10.0,2,0,1,25-34
2330,1005.0,10,2,Soğuk/Karlı,12.0,2,0,1,25-34
2331,630.0,10,2,Yağmurlu,14.0,2,0,1,25-34
2332,65.0,11,2,Yağmurlu,26.0,1,0,1,25-34
2333,255.0,11,2,Bulutlu,17.0,2,0,1,25-34
2334,295.0,11,2,Yağmurlu,21.0,2,0,1,25-34
2335,65.0,11,2,Bulutlu,26.0,1,0,1,25-34
2336,495.0,12,2,Bulutlu,21.0,3,0,1,25-34
2337,325.0,12,2,Güneşli,26.0,2,0,1,25-34
2338,375.0,12,2,Bulutlu,13.0,2,0,1,25-34
2339,340.0,12,2,Soğuk/Karlı,18.0,2,0,1,25-34
2340,535.0,12,2,Güneşli,11.0,3,0,1,25-34
2341,585.0,12,2,Yağmurlu,24.0,3,0,1,25-34
2342,340.0,12,2,Yağmurlu,24.0,2,0,1,25-34
2343,455.0,12,2,Bulutlu,9.0,3,0,1,25-34
2344,395.0,12,2,Bulutlu,24.0,2,0,1,25-34
2345,455.0,12,2,Bulutlu,14.0,3,0,1,25-34
2346,585.0,12,2,Bulutlu,15.0,3,0,1,25-34
2347,585.0,12,2,Güneşli,12.0,3,0,1,25-34
2348,355.0,12,2,Yağmurlu,14.0,2,0,1,25-34
2349,445.0,13,2,Soğuk/Karlı,20.0,2,0,1,25-34
2350,325.0,13,2,Güneşli,12.0,2,0,1,25-34
2351,375.0,13,2,Soğuk/Karlı,8.0,2,0,1,25-34
2352,325.0,13,2,Soğuk/Karlı,19.0,2,0,1,25-34
2353,355.0,13,2,Güneşli,24.0,2,0,1,25-34
2354,535.0,13,2,Yağmurlu,22.0,3,0,1,25-34
2355,325.0,13,2,Soğuk/Karlı,22.0,2,0,1,25-34
2356,495.0,13,2,Yağmurlu,19.0,3,0,1,25-34
2357,395.0,13,2,Güneşli,14.0,2,0,1,25-34
2358,535.0,13,2,Soğuk/Karlı,13.0,3,0,1,25-34
2359,395.0,13,2,Soğuk/Karlı,18.0,2,0,1,25-34
2360,325.0,13,2,Bulutlu,10.0,2,0,1,25-34
2361,455.0,13,2,Soğuk/Karlı,15.0,3,0,1,25-34
2362,455.0,13,2,Bulutlu,8.0,3,0,1,25-34
2363,465.0,13,2,Soğuk/Karlı,8.0,2,0,1,25-34
2364,395.0,13,2,Soğuk/Karlı,11.0,2,0,1,25-34
2365,455.0,13,2,Bulutlu,9.0,3,0,1,25-34
2366,340.0,13,2,Yağmurlu,25.0,2,0,1,25-34
2367,495.0,13,2,Güneşli,25.0,3,0,1,25-34
2368,325.0,13,2,Bulutlu,23.0,2,0,1,25-34
2369,445.0,13,2,Bulutlu,21.0,2,0,1,25-34
2370,130.0,14,2,Yağmurlu,8.0,1,0,1,25-34
2371,115.0,15,2,Bulutlu,14.0,1,0,1,25-34
2372,240.0,16,2,Yağmurlu,19.0,2,0,1,25-34
2373,115.0,16,2,Bulutlu,16.0,1,0,1,25-34
2374,60.0,16,2,Güneşli,25.0,1,0,1,25-34
2375,45.0,17,2,Soğuk/Karlı,14.0,1,0,1,25-34
2376,60.0,17,2,Güneşli,9.0,1,0,1,25-34
2377,75.0,18,2,Bulutlu,9.0,1,0,1,25-34
2378,235.0,18,2,Soğuk/Karlı,9.0,2,0,1,25-34
2379,115.0,18,2,Soğuk/Karlı,25.0,1,0,1,25-34
2380,270.0,18,2,Güneşli,24.0,2,0,1,25-34
2381,1745.0,19,2,Soğuk/Karlı,20.0,5,0,2,25-34
2382,1760.0,19,2,Güneşli,24.0,5,0,2,25-34
2383,2600.0,19,2,Güneşli,14.0,4,0,2,25-34
2384,2205.0,19,2,Yağmurlu,11.0,3,0,1,25-34
2385,3195.0,19,2,Soğuk/Karlı,20.0,4,0,2,25-34
2386,3280.0,19,2,Soğuk/Karlı,22.0,3,0,1,25-34
2387,1610.0,19,2,Güneşli,9.0,3,0,1,25-34
2388,1980.0,19,2,Soğuk/Karlı,25.0,4,0,2,25-34
2389,3585.0,19,2,Güneşli,9.0,3,0,1,25-34
2390,1830.0,19,2,Bulutlu,18.0,4,0,2,25-34
2391,1950.0,19,2,Yağmurlu,19.0,3,0,1,25-34
2392,2070.0,19,2,Yağmurlu,26.0,4,0,2,25-34
2393,1580.0,19,2,Güneşli,16.0,5,0,2,25-34
2394,2760.0,19,2,Soğuk/Karlı,22.0,4,0,2,25-34
2395,1560.0,19,2,Soğuk/Karlı,26.0,3,0,1,25-34
2396,1425.0,20,2,Soğuk/Karlı,18.0,4,0,2,25-34
2397,1890.0,20,2,Soğuk/Karlı,21.0,4,0,2,25-34
2398,3580.0,20,2,Soğuk/Karlı,16.0,4,0,2,25-34
2399,3650.0,20,2,Bulutlu,13.0,3,0,1,25-34
2400,3380.0,20,2,Soğuk/Karlı,23.0,3,0,1,25-34
2401,1165.0,20,2,Yağmurlu,26.0,4,0,2,25-34
2402,2250.0,20,2,Soğuk/Karlı,8.0,4,0,2,25-34
2403,1470.0,20,2,Yağmurlu,20.0,3,0,1,25-34
2404,2915.0,20,2,Güneşli,15.0,4,0,2,25-34
2405,3880.0,20,2,Güneşli,10.0,4,0,2,25-34
2406,1710.0,20,2,Soğuk/Karlı,17.0,4,0,2,25-34
2407,2800.0,20,2,Güneşli,26.0,4,0,2,25-34
2408,3170.0,20,2,Soğuk/Karlı,17.0,3,0,1,25-34
2409,2920.0,20,2,Bulutlu,21.0,5,0,2,25-34
2410,3075.0,20,2,Güneşli,23.0,5,0,2,25-34
2411,2205.0,20,2,Soğuk/Karlı,16.0,3,0,1,25-34
2412,2010.0,20,2,Yağmurlu,25.0,4,0,2,25-34
2413,3250.0,20,2,Bulutlu,20.0,3,0,1,25-34
2414,2485.0,21,2,Güneşli,14.0,4,0,2,25-34
2415,1610.0,21,2,Soğuk/Karlı,21.0,4,0,2,25-34
2416,2175.0,21,2,Soğuk/Karlı,16.0,3,0,1,25-34
2417,1590.0,21,2,Soğuk/Karlı,15.0,2,0,1,25-34
2418,2850.0,21,2,Soğuk/Karlı,25.0,4,0,2,25-34
2419,1785.0,21,2,Bulutlu,11.0,4,0,2,25-34
2420,1360.0,21,2,Soğuk/Karlı,9.0,1,0,1,25-34
2421,3940.0,21,2,Bulutlu,8.0,5,0,2,25-34
2422,1360.0,21,2,Soğuk/Karlı,23.0,3,0,1,25-34
2423,2680.0,21,2,Soğuk/Karlı,15.0,4,0,2,25-34
2424,3080.0,21,2,Güneşli,26.0,5,0,2,25-34
2425,3095.0,21,2,Güneşli,14.0,4,0,2,25-34
2426,3360.0,21,2,Bulutlu,17.0,5,0,2,25-34
2427,2585.0,21,2,Bulutlu,26.0,3,0,1,25-34
2428,2250.0,21,2,Yağmurlu,21.0,4,0,2,25-34
2429,2765.0,21,2,Güneşli,13.0,4,0,2,25-34
2430,4250.0,21,2,Soğuk/Karlı,9.0,3,0,1,25-34
2431,1450.0,21,2,Soğuk/Karlı,19.0,3,0,1,25-34
2432,3220.0,21,2,Güneşli,23.0,2,0,1,25-34
2433,45.0,22,2,Soğuk/Karlı,21.0,1,0,1,25-34
2434,205.0,22,2,Bulutlu,10.0,2,0,1,25-34
2435,220.0,23,2,Güneşli,16.0,2,0,1,25-34
2436,115.0,0,3,Soğuk/Karlı,19.0,1,0,1,25-34
2437,265.0,0,3,Soğuk/Karlı,14.0,2,0,1,25-34
2438,335.0,0,3,Yağmurlu,22.0,2,0,1,25-34
2439,115.0,0,3,Bulutlu,13.0,1,0,1,25-34
2440,185.0,1,3,Güneşli,11.0,2,0,1,25-34
2441,370.0,1,3,Soğuk/Karlı,23.0,2,0,1,25-34
2442,495.0,8,3,Bulutlu,13.0,2,0,1,25-34
2443,1110.0,8,3,Soğuk/Karlı,25.0,2,0,1,25-34
2444,770.0,8,3,Soğuk/Karlı,12.0,2,0,1,25-34
2445,700.0,8,3,Yağmurlu,24.0,2,0,1,25-34
2446,495.0,8,3,Güneşli,9.0,2,0,1,25-34
2447,530.0,8,3,Yağmurlu,26.0,2,0,1,25-34
2448,1005.0,8,3,Yağmurlu,14.0,2,0,1,25-34
2449,1040.0,8,3,Yağmurlu,21.0,2,0,1,25-34
2450,700.0,8,3,Bulutlu,25.0,2,0,1,25-34
2451,665.0,9,3,Bulutlu,21.0,2,0,1,25-34
2452,700.0,9,3,Güneşli,26.0,2,0,1,25-34
2453,630.0,9,3,Soğuk/Karlı,23.0,2,0,1,25-34
2454,390.0,9,3,Yağmurlu,25.0,2,0,1,25-34
2455,630.0,9,3,Yağmurlu,24.0,2,0,1,25-34
2456,970.0,9,3,Bulutlu,11.0,2,0,1,25-34
2457,1075.0,9,3,Soğuk/Karlı,19.0,2,0,1,25-34
2458,700.0,10,3,Yağmurlu,22.0,2,0,1,25-34
2459,530.0,10,3,Soğuk/Karlı,11.0,2,0,1,25-34
2460,425.0,10,3,Güneşli,15.0,2,0,1,25-34
2461,1005.0,10,3,Güneşli,19.0,2,0,1,25-34
2462,1040.0,10,3,Soğuk/Karlı,13.0,2,0,1,25-34
2463,1075.0,10,3,Güneşli,22.0,2,0,1,25-34
2464,770.0,10,3,Yağmurlu,12.0,2,0,1,25-34
2465,425.0,10,3,Yağmurlu,25.0,2,0,1,25-34
2466,1110.0,10,3,Yağmurlu,13.0,2,0,1,25-34
2467,735.0,10,3,Yağmurlu,17.0,2,0,1,25-34
2468,1005.0,10,3,Güneşli,17.0,2,0,1,25-34
2469,1110.0,10,3,Bulutlu,16.0,2,0,1,25-34
2470,260.0,11,3,Güneşli,20.0,2,0,1,25-34
2471,220.0,11,3,Bulutlu,14.0,2,0,1,25-34
2472,60.0,11,3,Güneşli,21.0,1,0,1,25-34
2473,35.0,11,3,Soğuk/Karlı,14.0,1,0,1,25-34
2474,465.0,12,3,Soğuk/Karlı,15.0,2,0,1,25-34
2475,395.0,12,3,Güneşli,13.0,2,0,1,25-34
2476,325.0,12,3,Soğuk/Karlı,18.0,2,0,1,25-34
2477,535.0,12,3,Güneşli,17.0,3,0,1,25-34
2478,395.0,12,3,Bulutlu,21.0,2,0,1,25-34
2479,340.0,12,3,Güneşli,25.0,2,0,1,25-34
2480,535.0,12,3,Güneşli,25.0,3,0,1,25-34
2481,325.0,12,3,Soğuk/Karlı,16.0,2,0,1,25-34
2482,445.0,12,3,Bulutlu,20.0,2,0,1,25-34
2483,495.0,12,3,Soğuk/Karlı,15.0,3,0,1,25-34
2484,355.0,12,3,Yağmurlu,21.0,2,0,1,25-34
2485,375.0,12,3,Soğuk/Karlı,10.0,2,0,1,25-34
2486,445.0,12,3,Bulutlu,12.0,2,0,1,25-34
2487,455.0,12,3,Yağmurlu,12.0,3,0,1,25-34
2488,495.0,12,3,Soğuk/Karlı,11.0,3,0,1,25-34
2489,355.0,12,3,Bulutlu,15.0,2,0,1,25-34
2490,455.0,12,3,Yağmurlu,14.0,3,0,1,25-34
2491,585.0,12,3,Yağmurlu,15.0,3,0,1,25-34
2492,325.0,13,3,Güneşli,17.0,2,0,1,25-34
2493,535.0,13,3,Güneşli,26.0,3,0,1,25-34
2494,445.0,13,3,Yağmurlu,23.0,2,0,1,25-34
2495,395.0,13,3,Soğuk/Karlı,9.0,2,0,1,25-34
2496,465.0,13,3,Bulutlu,19.0,2,0,1,25-34
2497,445.0,13,3,Bulutlu,16.0,2,0,1,25-34
2498,585.0,13,3,Bulutlu,21.0,3,0,1,25-34
2499,325.0,13,3,Bulutlu,14.0,2,0,1,25-34
2500,465.0,13,3,Güneşli,12.0,2,0,1,25-34
2501,325.0,13,3,Güneşli,18.0,2,0,1,25-34
2502,585.0,13,3,Yağmurlu,17.0,3,0,1,25-34
2503,375.0,13,3,Bulutlu,11.0,2,0,1,25-34
2504,585.0,13,3,Soğuk/Karlı,20.0,3,0,1,25-34
2505,355.0,13,3,Soğuk/Karlı,25.0,2,0,1,25-34
2506,355.0,13,3,Bulutlu,8.0,2,0,1,25-34
2507,495.0,13,3,Güneşli,21.0,3,0,1,25-34
2508,325.0,13,3,Soğuk/Karlı,19.0,2,0,1,25-34
2509,115.0,14,3,Güneşli,17.0,1,0,1,25-34
2510,65.0,14,3,Soğuk/Karlı,21.0,1,0,1,25-34
2511,35.0,15,3,Güneşli,8.0,1,0,1,25-34
2512,310.0,15,3,Bulutlu,24.0,2,0,1,25-34
2513,75.0,15,3,Yağmurlu,20.0,1,0,1,25-34
2514,75.0,15,3,Güneşli,11.0,1,0,1,25-34
2515,75.0,16,3,Yağmurlu,18.0,1,0,1,25-34
2516,115.0,16,3,Bulutlu,8.0,1,0,1,25-34
2517,35.0,16,3,Güneşli,24.0,1,0,1,25-34
2518,45.0,16,3,Güneşli,20.0,1,0,1,25-34
2519,245.0,17,3,Güneşli,8.0,2,0,1,25-34
2520,245.0,18,3,Yağmurlu,14.0,2,0,1,25-34
2521,1810.0,19,3,Yağmurlu,11.0,4,0,2,25-34
2522,2940.0,19,3,Güneşli,25.0,3,0,1,25-34
2523,2840.0,19,3,Soğuk/Karlı,12.0,4,0,2,25-34
2524,2920.0,19,3,Soğuk/Karlı,16.0,4,0,2,25-34
2525,2485.0,19,3,Güneşli,25.0,4,0,2,25-34
2526,2260.0,19,3,Bulutlu,12.0,5,0,2,25-34
2527,3200.0,19,3,Soğuk/Karlı,9.0,4,0,2,25-34
2528,2415.0,19,3,Güneşli,22.0,4,0,2,25-34
2529,3335.0,19,3,Yağmurlu,11.0,4,0,2,25-34
2530,2835.0,19,3,Bulutlu,24.0,4,0,2,25-34
2531,4600.0,19,3,Bulutlu,21.0,5,0,2,25-34
2532,1755.0,19,3,Soğuk/Karlı,24.0,3,0,1,25-34
2533,2160.0,19,3,Bulutlu,14.0,3,0,1,25-34
2534,2080.0,19,3,Soğuk/Karlı,23.0,4,0,2,25-34
2535,1800.0,19,3,Soğuk/Karlı,11.0,4,0,2,25-34
2536,2800.0,19,3,Soğuk/Karlı,25.0,3,0,1,25-34
2537,2810.0,19,3,Güneşli,24.0,5,0,2,25-34
2538,1650.0,19,3,Bulutlu,25.0,4,0,2,25-34
2539,1630.0,19,3,Soğuk/Karlı,25.0,5,0,2,25-34
2540,2610.0,19,3,Bulutlu,23.0,4,0,2,25-34
2541,1335.0,19,3,Soğuk/Karlı,23.0,3,0,1,25-34
2542,2325.0,19,3,Bulutlu,26.0,4,0,2,25-34
2543,1850.0,19,3,Bulutlu,14.0,4,0,2,25-34
2544,1485.0,19,3,Yağmurlu,11.0,4,0,2,25-34
2545,4205.0,19,3,Yağmurlu,20.0,3,0,1,25-34
2546,2295.0,19,3,Bulutlu,23.0,4,0,2,25-34
2547,2320.0,19,3,Soğuk/Karlı,13.0,5,0,2,25-34
2548,3565.0,19,3,Güneşli,19.0,4,0,2,25-34
2549,4115.0,19,3,Bulutlu,17.0,3,0,1,25-34
2550,4100.0,20,3,Soğuk/Karlı,18.0,4,0,2,25-34
2551,2795.0,20,3,Güneşli,18.0,4,0,2,25-34
2552,3400.0,20,3,Bulutlu,13.0,4,0,2,25-34
2553,3785.0,20,3,Soğuk/Karlı,10.0,5,0,2,25-34
2554,1640.0,20,3,Soğuk/Karlı,19.0,3,0,1,25-34
2555,2345.0,20,3,Güneşli,12.0,3,0,1,25-34
2556,1440.0,20,3,Bulutlu,12.0,3,0,1,25-34
2557,3105.0,20,3,Soğuk/Karlı,11.0,4,0,2,25-34
2558,1680.0,20,3,Güneşli,15.0,5,0,2,25-34
2559,2760.0,20,3,Bulutlu,10.0,4,0,2,25-34
2560,1120.0,20,3,Bulutlu,25.0,2,0,1,25-34
2561,2675.0,20,3,Bulutlu,8.0,5,0,2,25-34
2562,3790.0,20,3,Soğuk/Karlı,10.0,4,0,2,25-34
2563,4240.0,20,3,Yağmurlu,19.0,3,0,1,25-34
2564,2840.0,20,3,Yağmurlu,9.0,3,0,1,25-34
2565,2815.0,20,3,Soğuk/Karlı,20.0,3,0,1,25-34
2566,3995.0,20,3,Soğuk/Karlı,22.0,4,0,2,25-34
2567,2655.0,20,3,Güneşli,26.0,5,0,2,25-34
2568,1860.0,20,3,Güneşli,8.0,4,0,2,25-34
2569,1235.0,20,3,Yağmurlu,12.0,4,0,2,25-34
2570,2700.0,20,3,Güneşli,21.0,4,0,2,25-34
2571,3290.0,20,3,Soğuk/Karlı,14.0,3,0,1,25-34
2572,2130.0,20,3,Soğuk/Karlı,20.0,4,0,2,25-34
2573,3820.0,20,3,Yağmurlu,18.0,4,0,2,25-34
2574,2075.0,20,3,Yağmurlu,9.0,4,0,2,25-34
2575,3325.0,20,3,Güneşli,25.0,3,0,1,25-34
2576,3400.0,21,3,Soğuk/Karlı,20.0,3,0,1,25-34
2577,3175.0,21,3,Yağmurlu,21.0,5,0,2,25-34
2578,2085.0,21,3,Yağmurlu,21.0,3,0,1,25-34
2579,3040.0,21,3,Yağmurlu,16.0,3,0,1,25-34
2580,1325.0,21,3,Yağmurlu,26.0,4,0,2,25-34
2581,1990.0,21,3,Soğuk/Karlı,24.0,5,0,2,25-34
2582,2995.0,21,3,Soğuk/Karlı,25.0,3,0,1,25-34
2583,1770.0,21,3,Soğuk/Karlı,20.0,3,0,1,25-34
2584,1240.0,21,3,Bulutlu,24.0,3,0,1,25-34
2585,1415.0,21,3,Bulutlu,21.0,3,0,1,25-34
2586,1900.0,21,3,Güneşli,18.0,4,0,2,25-34
2587,2560.0,21,3,Güneşli,21.0,3,0,1,25-34
2588,1665.0,21,3,Bulutlu,19.0,5,0,2,25-34
2589,2880.0,21,3,Soğuk/Karlı,25.0,5,0,2,25-34
2590,1650.0,21,3,Soğuk/Karlı,15.0,4,0,2,25-34
2591,2985.0,21,3,Güneşli,22.0,4,0,2,25-34
2592,2300.0,21,3,Soğuk/Karlı,16.0,4,0,2,25-34
2593,2080.0,21,3,Yağmurlu,8.0,4,0,2,25-34
2594,2670.0,21,3,Güneşli,19.0,4,0,2,25-34
2595,2060.0,21,3,Yağmurlu,12.0,5,0,2,25-34
2596,3265.0,21,3,Bulutlu,25.0,3,0,1,25-34
2597,3765.0,21,3,Yağmurlu,16.0,5,0,2,25-34
2598,1260.0,21,3,Güneşli,10.0,4,0,2,25-34
2599,3215.0,21,3,Yağmurlu,12.0,4,0,2,25-34
2600,2865.0,21,3,Soğuk/Karlı,25.0,3,0,1,25-34
2601,1500.0,21,3,Yağmurlu,15.0,4,0,2,25-34
2602,2940.0,21,3,Soğuk/Karlı,15.0,2,0,1,25-34
2603,1930.0,21,3,Yağmurlu,16.0,5,0,2,25-34
2604,3255.0,21,3,Güneşli,13.0,4,0,2,25-34
2605,1660.0,21,3,Soğuk/Karlı,13.0,4,0,2,25-34
2606,2415.0,21,3,Yağmurlu,12.0,2,0,1,25-34
2607,1980.0,21,3,Soğuk/Karlı,22.0,3,0,1,25-34
2608,115.0,22,3,Soğuk/Karlı,23.0,1,0,1,25-34
2609,210.0,22,3,Yağmurlu,10.0,2,0,1,25-34
2610,315.0,22,3,Bulutlu,18.0,2,0,1,25-34
2611,310.0,22,3,Yağmurlu,18.0,2,0,1,25-34
2612,245.0,23,3,Soğuk/Karlı,19.0,2,0,1,25-34
2613,355.0,23,3,Güneşli,23.0,2,0,1,25-34
2614,35.0,23,3,Yağmurlu,21.0,1,0,1,25-34
2615,35.0,0,4,Yağmurlu,17.0,1,0,1,25-34
2616,130.0,0,4,Yağmurlu,11.0,1,0,1,25-34
2617,165.0,1,4,Güneşli,10.0,2,0,1,25-34
2618,75.0,1,4,Güneşli,19.0,1,0,1,25-34
2619,700.0,8,4,Bulutlu,16.0,2,0,1,25-34
2620,460.0,8,4,Güneşli,18.0,2,0,1,25-34
2621,970.0,8,4,Soğuk/Karlı,15.0,2,0,1,25-34
2622,495.0,8,4,Soğuk/Karlı,19.0,2,0,1,25-34
2623,735.0,8,4,Soğuk/Karlı,19.0,2,0,1,25-34
2624,700.0,8,4,Soğuk/Karlı,18.0,2,0,1,25-34
2625,1075.0,8,4,Güneşli,24.0,2,0,1,25-34
2626,1110.0,8,4,Güneşli,14.0,2,0,1,25-34
2627,530.0,8,4,Yağmurlu,8.0,2,0,1,25-34
2628,970.0,8,4,Bulutlu,10.0,2,0,1,25-34
2629,665.0,8,4,Bulutlu,18.0,2,0,1,25-34
2630,495.0,9,4,Soğuk/Karlı,22.0,2,0,1,25-34
2631,665.0,9,4,Soğuk/Karlı,24.0,2,0,1,25-34
2632,1110.0,9,4,Soğuk/Karlı,18.0,2,0,1,25-34
2633,460.0,9,4,Soğuk/Karlı,25.0,2,0,1,25-34
2634,460.0,9,4,Yağmurlu,16.0,2,0,1,25-34
2635,665.0,10,4,Yağmurlu,23.0,2,0,1,25-34
2636,1110.0,10,4,Güneşli,15.0,2,0,1,25-34
2637,665.0,10,4,Yağmurlu,23.0,2,0,1,25-34
2638,1075.0,10,4,Bulutlu,21.0,2,0,1,25-34
2639,735.0,10,4,Yağmurlu,18.0,2,0,1,25-34
2640,630.0,10,4,Soğuk/Karlı,17.0,2,0,1,25-34
2641,770.0,10,4,Soğuk/Karlı,20.0,2,0,1,25-34
2642,665.0,10,4,Yağmurlu,19.0,2,0,1,25-34
2643,665.0,10,4,Soğuk/Karlı,25.0,2,0,1,25-34
2644,530.0,10,4,Yağmurlu,24.0,2,0,1,25-34
2645,260.0,11,4,Yağmurlu,20.0,2,0,1,25-34
2646,335.0,11,4,Yağmurlu,11.0,2,0,1,25-34
2647,455.0,12,4,Yağmurlu,19.0,3,0,1,25-34
2648,455.0,12,4,Bulutlu,23.0,3,0,1,25-34
2649,340.0,12,4,Yağmurlu,24.0,2,0,1,25-34
2650,585.0,12,4,Güneşli,8.0,3,0,1,25-34
2651,455.0,12,4,Soğuk/Karlı,13.0,3,0,1,25-34
2652,375.0,12,4,Bulutlu,9.0,2,0,1,25-34
2653,340.0,12,4,Soğuk/Karlı,8.0,2,0,1,25-34
2654,355.0,12,4,Soğuk/Karlı,9.0,2,0,1,25-34
2655,455.0,12,4,Güneşli,9.0,3,0,1,25-34
2656,355.0,12,4,Yağmurlu,26.0,2,0,1,25-34
2657,340.0,12,4,Soğuk/Karlı,21.0,2,0,1,25-34
2658,445.0,12,4,Soğuk/Karlı,12.0,2,0,1,25-34
2659,495.0,12,4,Güneşli,23.0,3,0,1,25-34
2660,340.0,12,4,Güneşli,11.0,2,0,1,25-34
2661,445.0,12,4,Güneşli,21.0,2,0,1,25-34
2662,585.0,12,4,Soğuk/Karlı,14.0,3,0,1,25-34
2663,395.0,12,4,Güneşli,19.0,2,0,1,25-34
2664,585.0,12,4,Yağmurlu,12.0,3,0,1,25-34
2665,325.0,12,4,Yağmurlu,16.0,2,0,1,25-34
2666,455.0,12,4,Bulutlu,9.0,3,0,1,25-34
2667,340.0,12,4,Yağmurlu,9.0,2,0,1,25-34
2668,535.0,12,4,Bulutlu,9.0,3,0,1,25-34
2669,585.0,12,4,Güneşli,11.0,3,0,1,25-34
2670,355.0,13,4,Yağmurlu,20.0,2,0,1,25-34
2671,455.0,13,4,Bulutlu,12.0,3,0,1,25-34
2672,495.0,13,4,Soğuk/Karlı,15.0,3,0,1,25-34
2673,445.0,13,4,Bulutlu,22.0,2,0,1,25-34
2674,445.0,13,4,Soğuk/Karlı,15.0,2,0,1,25-34
2675,495.0,13,4,Bulutlu,26.0,3,0,1,25-34
2676,455.0,13,4,Soğuk/Karlı,19.0,3,0,1,25-34
2677,495.0,13,4,Soğuk/Karlı,16.0,3,0,1,25-34
2678,325.0,13,4,Bulutlu,16.0,2,0,1,25-34
2679,340.0,13,4,Yağmurlu,8.0,2,0,1,25-34
2680,375.0,13,4,Bulutlu,11.0,2,0,1,25-34
2681,455.0,13,4,Bulutlu,20.0,3,0,1,25-34
2682,270.0,14,4,Güneşli,15.0,2,0,1,25-34
2683,205.0,14,4,Bulutlu,15.0,2,0,1,25-34
2684,115.0,14,4,Yağmurlu,11.0,1,0,1,25-34
2685,270.0,15,4,Yağmurlu,19.0,2,0,1,25-34
2686,210.0,16,4,Güneşli,20.0,2,0,1,25-34
2687,75.0,16,4,Bulutlu,8.0,1,0,1,25-34
2688,145.0,16,4,Güneşli,17.0,2,0,1,25-34
2689,65.0,17,4,Soğuk/Karlı,24.0,1,0,1,25-34
2690,305.0,17,4,Soğuk/Karlı,15.0,2,0,1,25-34
2691,75.0,17,4,Güneşli,12.0,1,0,1,25-34
2692,150.0,17,4,Soğuk/Karlı,16.0,2,0,1,25-34
2693,130.0,18,4,Bulutlu,21.0,1,0,1,25-34
2694,45.0,18,4,Yağmurlu,17.0,1,0,1,25-34
2695,1965.0,19,4,Bulutlu,16.0,4,0,2,25-34
2696,2790.0,19,4,Yağmurlu,22.0,4,0,2,25-34
2697,3500.0,19,4,Yağmurlu,19.0,5,0,2,25-34
2698,2855.0,19,4,Yağmurlu,26.0,4,0,2,25-34
2699,2860.0,19,4,Güneşli,13.0,3,0,1,25-34
2700,2590.0,19,4,Bulutlu,15.0,4,0,2,25-34
2701,1810.0,19,4,Güneşli,20.0,5,0,2,25-34
2702,2300.0,19,4,Yağmurlu,11.0,3,0,1,25-34
2703,3635.0,19,4,Güneşli,15.0,4,0,2,25-34
2704,2790.0,19,4,Yağmurlu,10.0,3,0,1,25-34
2705,2840.0,19,4,Güneşli,18.0,3,0,1,25-34
2706,1470.0,19,4,Soğuk/Karlı,23.0,3,0,1,25-34
2707,1330.0,19,4,Güneşli,10.0,3,0,1,25-34
2708,3530.0,19,4,Soğuk/Karlı,19.0,5,0,2,25-34
2709,2960.0,19,4,Yağmurlu,13.0,3,0,1,25-34
2710,1875.0,19,4,Soğuk/Karlı,8.0,2,0,1,25-34
2711,3200.0,19,4,Yağmurlu,20.0,4,0,2,25-34
2712,2020.0,19,4,Soğuk/Karlı,12.0,5,0,2,25-34
2713,2850.0,19,4,Bulutlu,16.0,4,0,2,25-34
2714,2915.0,19,4,Yağmurlu,12.0,4,0,2,25-34
2715,2180.0,19,4,Yağmurlu,8.0,3,0,1,25-34
2716,3120.0,19,4,Güneşli,9.0,4,0,2,25-34
2717,1660.0,19,4,Güneşli,16.0,4,0,2,25-34
2718,3170.0,19,4,Soğuk/Karlı,10.0,4,0,2,25-34
2719,1100.0,19,4,Soğuk/Karlı,11.0,4,0,2,25-34
2720,2890.0,19,4,Güneşli,14.0,2,0,1,25-34
2721,1650.0,19,4,Soğuk/Karlı,22.0,3,0,1,25-34
2722,4115.0,19,4,Bulutlu,13.0,3,0,1,25-34
2723,2295.0,19,4,Yağmurlu,8.0,5,0,2,25-34
2724,2180.0,19,4,Soğuk/Karlı,9.0,4,0,2,25-34
2725,2585.0,20,4,Yağmurlu,19.0,5,0,2,25-34
2726,3640.0,20,4,Soğuk/Karlı,26.0,4,0,2,25-34
2727,3320.0,20,4,Bulutlu,8.0,3,0,1,25-34
2728,2775.0,20,4,Bulutlu,13.0,5,0,2,25-34
2729,3640.0,20,4,Yağmurlu,25.0,3,0,1,25-34
2730,3840.0,20,4,Soğuk/Karlı,24.0,4,0,2,25-34
2731,2090.0,20,4,Güneşli,22.0,4,0,2,25-34
2732,3000.0,20,4,Güneşli,20.0,3,0,1,25-34
2733,2940.0,20,4,Yağmurlu,24.0,3,0,1,25-34
2734,4530.0,20,4,Soğuk/Karlı,21.0,4,0,2,25-34
2735,3080.0,20,4,Soğuk/Karlı,12.0,3,0,1,25-34
2736,2620.0,20,4,Soğuk/Karlı,20.0,4,0,2,25-34
2737,4170.0,20,4,Güneşli,24.0,5,0,2,25-34
2738,3890.0,20,4,Yağmurlu,18.0,3,0,1,25-34
2739,3300.0,20,4,Soğuk/Karlı,8.0,4,0,2,25-34
2740,1600.0,20,4,Yağmurlu,21.0,5,0,2,25-34
2741,2110.0,20,4,Bulutlu,16.0,4,0,2,25-34
2742,2700.0,20,4,Bulutlu,25.0,2,0,1,25-34
2743,1570.0,20,4,Güneşli,21.0,4,0,2,25-34
2744,1810.0,20,4,Güneşli,25.0,3,0,1,25-34
2745,3985.0,20,4,Güneşli,26.0,3,0,1,25-34
2746,3655.0,20,4,Bulutlu,20.0,5,0,2,25-34
2747,3350.0,20,4,Bulutlu,10.0,5,0,2,25-34
2748,1985.0,20,4,Yağmurlu,19.0,3,0,1,25-34
2749,1865.0,20,4,Soğuk/Karlı,9.0,5,0,2,25-34
2750,2170.0,21,4,Güneşli,22.0,4,0,2,25-34
2751,3040.0,21,4,Yağmurlu,10.0,4,0,2,25-34
2752,2550.0,21,4,Güneşli,26.0,4,0,2,25-34
2753,2860.0,21,4,Yağmurlu,19.0,2,0,1,25-34
2754,4215.0,21,4,Güneşli,8.0,4,0,2,25-34
2755,3460.0,21,4,Soğuk/Karlı,19.0,5,0,2,25-34
2756,2900.0,21,4,Güneşli,14.0,2,0,1,25-34
2757,1100.0,21,4,Yağmurlu,13.0,4,0,2,25-34
2758,1360.0,21,4,Güneşli,13.0,4,0,2,25-34
2759,2535.0,21,4,Soğuk/Karlı,19.0,4,0,2,25-34
2760,1815.0,21,4,Bulutlu,18.0,4,0,2,25-34
2761,2840.0,21,4,Güneşli,9.0,4,0,2,25-34
2762,2635.0,21,4,Bulutlu,17.0,5,0,2,25-34
2763,3160.0,21,4,Soğuk/Karlı,20.0,4,0,2,25-34
2764,2140.0,21,4,Bulutlu,19.0,4,0,2,25-34
2765,2000.0,21,4,Soğuk/Karlı,21.0,4,0,2,25-34
2766,2680.0,21,4,Yağmurlu,9.0,2,0,1,25-34
2767,3590.0,21,4,Soğuk/Karlı,20.0,4,0,2,25-34
2768,2645.0,21,4,Bulutlu,20.0,5,0,2,25-34
2769,1580.0,21,4,Güneşli,11.0,4,0,2,25-34
2770,3075.0,21,4,Yağmurlu,9.0,2,0,1,25-34
2771,2890.0,21,4,Yağmurlu,21.0,3,0,1,25-34
2772,3455.0,21,4,Bulutlu,14.0,5,0,2,25-34
2773,4005.0,21,4,Yağmurlu,11.0,3,0,1,25-34
2774,60.0,22,4,Soğuk/Karlı,9.0,1,0,1,25-34
2775,85.0,23,4,Yağmurlu,8.0,1,0,1,25-34
2776,75.0,23,4,Bulutlu,26.0,1,0,1,25-34
2777,270.0,23,4,Yağmurlu,19.0,2,0,1,25-34
2778,75.0,0,5,Bulutlu,26.0,1,0,1,25-34
2779,85.0,0,5,Bulutlu,23.0,1,0,1,25-34
2780,60.0,0,5,Yağmurlu,22.0,1,0,1,25-34
2781,315.0,0,5,Yağmurlu,21.0,2,0,1,25-34
2782,255.0,1,5,Soğuk/Karlı,22.0,2,0,1,25-34
2783,495.0,8,5,Güneşli,16.0,2,0,1,25-34
2784,1005.0,8,5,Yağmurlu,20.0,2,0,1,25-34
2785,530.0,8,5,Bulutlu,20.0,2,0,1,25-34
2786,770.0,8,5,Yağmurlu,26.0,2,0,1,25-34
2787,1075.0,8,5,Bulutlu,23.0,2,0,1,25-34
2788,1040.0,8,5,Yağmurlu,9.0,2,0,1,25-34
2789,700.0,8,5,Bulutlu,12.0,2,0,1,25-34
2790,530.0,8,5,Bulutlu,16.0,2,0,1,25-34
2791,1110.0,9,5,Soğuk/Karlı,24.0,2,0,1,25-34
2792,630.0,9,5,Soğuk/Karlı,12.0,2,0,1,25-34
2793,425.0,9,5,Soğuk/Karlı,19.0,2,0,1,25-34
2794,1005.0,9,5,Yağmurlu,8.0,2,0,1,25-34
2795,735.0,9,5,Bulutlu,9.0,2,0,1,25-34
2796,1075.0,9,5,Güneşli,14.0,2,0,1,25-34
2797,735.0,9,5,Yağmurlu,11.0,2,0,1,25-34
2798,1005.0,9,5,Yağmurlu,22.0,2,0,1,25-34
2799,1110.0,9,5,Yağmurlu,25.0,2,0,1,25-34
2800,460.0,9,5,Bulutlu,23.0,2,0,1,25-34
2801,1005.0,10,5,Güneşli,17.0,2,0,1,25-34
2802,700.0,10,5,Güneşli,11.0,2,0,1,25-34
2803,1110.0,10,5,Güneşli,10.0,2,0,1,25-34
2804,630.0,10,5,Soğuk/Karlı,18.0,2,0,1,25-34
2805,700.0,10,5,Yağmurlu,15.0,2,0,1,25-34
2806,1110.0,10,5,Yağmurlu,13.0,2,0,1,25-34
2807,735.0,10,5,Bulutlu,20.0,2,0,1,25-34
2808,155.0,11,5,Soğuk/Karlı,11.0,2,0,1,25-34
2809,305.0,11,5,Güneşli,26.0,2,0,1,25-34
2810,45.0,11,5,Güneşli,18.0,1,0,1,25-34
2811,225.0,11,5,Güneşli,8.0,2,0,1,25-34
2812,495.0,12,5,Güneşli,10.0,3,0,1,25-34
2813,535.0,12,5,Bulutlu,14.0,3,0,1,25-34
2814,465.0,12,5,Bulutlu,23.0,2,0,1,25-34
2815,395.0,12,5,Bulutlu,14.0,2,0,1,25-34
2816,465.0,12,5,Bulutlu,21.0,2,0,1,25-34
2817,355.0,12,5,Güneşli,24.0,2,0,1,25-34
2818,455.0,12,5,Yağmurlu,14.0,3,0,1,25-34
2819,585.0,12,5,Güneşli,21.0,3,0,1,25-34
2820,445.0,12,5,Bulutlu,20.0,2,0,1,25-34
2821,340.0,12,5,Yağmurlu,20.0,2,0,1,25-34
2822,395.0,12,5,Güneşli,21.0,2,0,1,25-34
2823,495.0,12,5,Soğuk/Karlı,13.0,3,0,1,25-34
2824,325.0,12,5,Güneşli,15.0,2,0,1,25-34
2825,325.0,12,5,Güneşli,10.0,2,0,1,25-34
2826,325.0,13,5,Yağmurlu,25.0,2,0,1,25-34
2827,340.0,13,5,Bulutlu,22.0,2,0,1,25-34
2828,340.0,13,5,Yağmurlu,16.0,2,0,1,25-34
2829,325.0,13,5,Soğuk/Karlı,12.0,2,0,1,25-34
2830,535.0,13,5,Yağmurlu,25.0,3,0,1,25-34
2831,585.0,13,5,Yağmurlu,16.0,3,0,1,25-34
2832,495.0,13,5,Güneşli,22.0,3,0,1,25-34
2833,355.0,13,5,Yağmurlu,18.0,2,0,1,25-34
2834,325.0,13,5,Soğuk/Karlı,8.0,2,0,1,25-34
2835,455.0,13,5,Güneşli,24.0,3,0,1,25-34
2836,355.0,13,5,Yağmurlu,16.0,2,0,1,25-34
2837,375.0,13,5,Güneşli,12.0,2,0,1,25-34
2838,585.0,13,5,Güneşli,14.0,3,0,1,25-34
2839,455.0,13,5,Bulutlu,16.0,3,0,1,25-34
2840,395.0,13,5,Yağmurlu,15.0,2,0,1,25-34
2841,130.0,14,5,Güneşli,8.0,1,0,1,25-34
2842,60.0,14,5,Soğuk/Karlı,24.0,1,0,1,25-34
2843,115.0,14,5,Yağmurlu,20.0,1,0,1,25-34
2844,180.0,15,5,Yağmurlu,21.0,2,0,1,25-34
2845,85.0,16,5,Yağmurlu,21.0,1,0,1,25-34
2846,240.0,16,5,Yağmurlu,14.0,2,0,1,25-34
2847,140.0,17,5,Soğuk/Karlı,15.0,2,0,1,25-34
2848,60.0,17,5,Soğuk/Karlı,22.0,1,0,1,25-34
2849,85.0,18,5,Güneşli,24.0,1,0,1,25-34
2850,45.0,18,5,Güneşli,11.0,1,0,1,25-34
2851,305.0,18,5,Yağmurlu,9.0,2,0,1,25-34
2852,65.0,18,5,Güneşli,22.0,1,0,1,25-34
2853,2075.0,19,5,Soğuk/Karlı,26.0,4,0,2,25-34
2854,1460.0,19,5,Yağmurlu,13.0,4,0,2,25-34
2855,2920.0,19,5,Güneşli,8.0,4,0,2,25-34
2856,2440.0,19,5,Soğuk/Karlı,25.0,3,0,1,25-34
2857,1230.0,19,5,Bulutlu,22.0,3,0,1,25-34
2858,1340.0,19,5,Soğuk/Karlı,20.0,2,0,1,25-34
2859,2560.0,19,5,Soğuk/Karlı,14.0,5,0,2,25-34
2860,2040.0,19,5,Güneşli,18.0,3,0,1,25-34
2861,2720.0,19,5,Yağmurlu,12.0,4,0,2,25-34
2862,1530.0,19,5,Soğuk/Karlı,26.0,3,0,1,25-34
2863,1070.0,19,5,Yağmurlu,12.0,3,0,1,25-34
2864,2700.0,19,5,Bulutlu,20.0,4,0,2,25-34
2865,3545.0,19,5,Güneşli,20.0,2,0,1,25-34
2866,2320.0,19,5,Güneşli,15.0,4,0,2,25-34
2867,3890.0,19,5,Bulutlu,15.0,3,0,1,25-34
2868,2820.0,19,5,Güneşli,20.0,3,0,1,25-34
2869,2720.0,19,5,Bulutlu,9.0,3,0,1,25-34
2870,1870.0,19,5,Soğuk/Karlı,24.0,4,0,2,25-34
2871,2100.0,19,5,Soğuk/Karlı,8.0,3,0,1,25-34
2872,2580.0,19,5,Yağmurlu,14.0,3,0,1,25-34
2873,2650.0,19,5,Yağmurlu,10.0,5,0,2,25-34
2874,2050.0,19,5,Soğuk/Karlı,9.0,3,0,1,25-34
2875,3830.0,19,5,Güneşli,25.0,5,0,2,25-34
2876,2240.0,19,5,Bulutlu,16.0,4,0,2,25-34
2877,3070.0,19,5,Güneşli,11.0,4,0,2,25-34
2878,2595.0,20,5,Bulutlu,23.0,4,0,2,25-34
2879,2360.0,20,5,Soğuk/Karlı,21.0,3,0,1,25-34
2880,2260.0,20,5,Yağmurlu,9.0,3,0,1,25-34
2881,2240.0,20,5,Bulutlu,25.0,4,0,2,25-34
2882,3020.0,20,5,Soğuk/Karlı,24.0,3,0,1,25-34
2883,2415.0,20,5,Soğuk/Karlı,23.0,2,0,1,25-34
2884,1230.0,20,5,Soğuk/Karlı,10.0,1,0,1,25-34
2885,1450.0,20,5,Güneşli,25.0,4,0,2,25-34
2886,3620.0,20,5,Güneşli,8.0,3,0,1,25-34
2887,1565.0,20,5,Güneşli,20.0,3,0,1,25-34
2888,3765.0,20,5,Güneşli,8.0,3,0,1,25-34
2889,3795.0,20,5,Bulutlu,22.0,5,0,2,25-34
2890,1830.0,20,5,Güneşli,22.0,4,0,2,25-34
2891,4140.0,20,5,Bulutlu,20.0,4,0,2,25-34
2892,3395.0,20,5,Bulutlu,25.0,4,0,2,25-34
2893,2465.0,20,5,Soğuk/Karlı,21.0,5,0,2,25-34
2894,2460.0,20,5,Yağmurlu,10.0,4,0,2,25-34
2895,2530.0,20,5,Yağmurlu,14.0,5,0,2,25-34
2896,3160.0,20,5,Bulutlu,11.0,4,0,2,25-34
2897,2875.0,20,5,Yağmurlu,16.0,4,0,2,25-34
2898,3200.0,20,5,Yağmurlu,11.0,4,0,2,25-34
2899,1680.0,20,5,Güneşli,23.0,1,0,1,25-34
2900,2780.0,20,5,Güneşli,11.0,4,0,2,25-34
2901,2720.0,20,5,Güneşli,13.0,3,0,1,25-34
2902,4000.0,20,5,Soğuk/Karlı,8.0,3,0,1,25-34
2903,1420.0,20,5,Bulutlu,13.0,3,0,1,25-34
2904,2430.0,20,5,Yağmurlu,9.0,4,0,2,25-34
2905,2925.0,20,5,Bulutlu,12.0,2,0,1,25-34
2906,1660.0,20,5,Yağmurlu,23.0,3,0,1,25-34
2907,1470.0,20,5,Yağmurlu,9.0,3,0,1,25-34
2908,4240.0,20,5,Bulutlu,10.0,4,0,2,25-34
2909,2920.0,20,5,Yağmurlu,17.0,5,0,2,25-34
2910,2405.0,20,5,Bulutlu,8.0,4,0,2,25-34
2911,2525.0,20,5,Güneşli,25.0,4,0,2,25-34
2912,3695.0,20,5,Soğuk/Karlı,23.0,5,0,2,25-34
2913,2055.0,21,5,Güneşli,13.0,4,0,2,25-34
2914,1840.0,21,5,Soğuk/Karlı,17.0,3,0,1,25-34
2915,4760.0,21,5,Yağmurlu,24.0,5,0,2,25-34
2916,4890.0,21,5,Yağmurlu,14.0,4,0,2,25-34
2917,2220.0,21,5,Bulutlu,22.0,5,0,2,25-34
2918,2560.0,21,5,Güneşli,10.0,3,0,1,25-34
2919,3595.0,21,5,Yağmurlu,23.0,4,0,2,25-34
2920,2125.0,21,5,Güneşli,25.0,5,0,2,25-34
2921,3635.0,21,5,Soğuk/Karlı,25.0,5,0,2,25-34
2922,3465.0,21,5,Soğuk/Karlı,20.0,3,0,1,25-34
2923,3150.0,21,5,Soğuk/Karlı,24.0,5,0,2,25-34
2924,1470.0,21,5,Bulutlu,14.0,3,0,1,25-34
2925,1080.0,21,5,Yağmurlu,15.0,3,0,1,25-34
2926,3940.0,21,5,Güneşli,26.0,3,0,1,25-34
2927,1070.0,21,5,Soğuk/Karlı,11.0,1,0,1,25-34
2928,1465.0,21,5,Yağmurlu,23.0,4,0,2,25-34
2929,1545.0,21,5,Güneşli,22.0,3,0,1,25-34
2930,3915.0,21,5,Yağmurlu,17.0,5,0,2,25-34
2931,930.0,21,5,Soğuk/Karlı,8.0,2,0,1,25-34
2932,3290.0,21,5,Soğuk/Karlı,18.0,3,0,1,25-34
2933,2045.0,21,5,Bulutlu,8.0,4,0,2,25-34
2934,3145.0,21,5,Soğuk/Karlı,22.0,5,0,2,25-34
2935,3970.0,21,5,Yağmurlu,15.0,4,0,2,25-34
2936,2205.0,21,5,Soğuk/Karlı,25.0,3,0,1,25-34
2937,3350.0,21,5,Yağmurlu,11.0,3,0,1,25-34
2938,3220.0,21,5,Soğuk/Karlı,15.0,4,0,2,25-34
2939,1450.0,21,5,Soğuk/Karlı,11.0,4,0,2,25-34
2940,2605.0,21,5,Bulutlu,12.0,4,0,2,25-34
2941,3225.0,21,5,Bulutlu,24.0,4,0,2,25-34
2942,2905.0,21,5,Güneşli,16.0,3,0,1,25-34
2943,1770.0,21,5,Yağmurlu,16.0,3,0,1,25-34
2944,2515.0,21,5,Yağmurlu,16.0,4,0,2,25-34
2945,3345.0,21,5,Bulutlu,23.0,4,0,2,25-34
2946,240.0,22,5,Soğuk/Karlı,15.0,2,0,1,25-34
2947,65.0,22,5,Soğuk/Karlı,8.0,1,0,1,25-34
2948,325.0,23,5,Soğuk/Karlı,22.0,2,0,1,25-34
2949,270.0,23,5,Bulutlu,21.0,2,0,1,25-34
2950,130.0,23,5,Yağmurlu,16.0,1,0,1,25-34
2951,210.0,0,6,Yağmurlu,15.0,2,1,1,25-34
2952,35.0,0,6,Yağmurlu,23.0,1,1,1,25-34
2953,60.0,0,6,Güneşli,9.0,1,1,1,25-34
2954,85.0,0,6,Yağmurlu,21.0,1,1,1,25-34
2955,240.0,1,6,Bulutlu,20.0,2,1,1,25-34
2956,60.0,1,6,Güneşli,19.0,1,1,1,25-34
2957,770.0,8,6,Yağmurlu,11.0,2,1,1,25-34
2958,630.0,8,6,Yağmurlu,19.0,2,1,1,25-34
2959,1075.0,8,6,Bulutlu,12.0,2,1,1,25-34
2960,1075.0,8,6,Bulutlu,9.0,2,1,1,25-34
2961,390.0,8,6,Soğuk/Karlı,11.0,2,1,1,25-34
2962,970.0,9,6,Soğuk/Karlı,15.0,2,1,1,25-34
2963,530.0,9,6,Bulutlu,15.0,2,1,1,25-34
2964,1110.0,9,6,Soğuk/Karlı,25.0,2,1,1,25-34
2965,970.0,9,6,Bulutlu,16.0,2,1,1,25-34
2966,530.0,9,6,Soğuk/Karlı,17.0,2,1,1,25-34
2967,665.0,10,6,Soğuk/Karlı,8.0,2,1,1,25-34
2968,970.0,10,6,Bulutlu,8.0,2,1,1,25-34
2969,700.0,10,6,Soğuk/Karlı,19.0,2,1,1,25-34
2970,700.0,10,6,Bulutlu,23.0,2,1,1,25-34
2971,530.0,10,6,Yağmurlu,15.0,2,1,1,25-34
2972,210.0,11,6,Soğuk/Karlı,24.0,2,1,1,25-34
2973,375.0,12,6,Bulutlu,20.0,2,1,1,25-34
2974,325.0,12,6,Bulutlu,9.0,2,1,1,25-34
2975,375.0,12,6,Soğuk/Karlı,21.0,2,1,1,25-34
2976,465.0,12,6,Yağmurlu,16.0,2,1,1,25-34
2977,445.0,12,6,Güneşli,20.0,2,1,1,25-34
2978,445.0,12,6,Güneşli,24.0,2,1,1,25-34
2979,455.0,12,6,Soğuk/Karlı,18.0,3,1,1,25-34
2980,375.0,12,6,Bulutlu,10.0,2,1,1,25-34
2981,395.0,12,6,Soğuk/Karlı,15.0,2,1,1,25-34
2982,395.0,12,6,Bulutlu,12.0,2,1,1,25-34
2983,395.0,12,6,Yağmurlu,8.0,2,1,1,25-34
2984,535.0,12,6,Bulutlu,26.0,3,1,1,25-34
2985,375.0,13,6,Bulutlu,15.0,2,1,1,25-34
2986,340.0,13,6,Güneşli,20.0,2,1,1,25-34
2987,535.0,13,6,Güneşli,16.0,3,1,1,25-34
2988,455.0,13,6,Soğuk/Karlı,10.0,3,1,1,25-34
2989,325.0,13,6,Yağmurlu,14.0,2,1,1,25-34
2990,585.0,13,6,Soğuk/Karlı,19.0,3,1,1,25-34
2991,535.0,13,6,Güneşli,18.0,3,1,1,25-34
2992,395.0,13,6,Soğuk/Karlı,12.0,2,1,1,25-34
2993,445.0,13,6,Yağmurlu,21.0,2,1,1,25-34
2994,355.0,13,6,Güneşli,8.0,2,1,1,25-34
2995,355.0,13,6,Yağmurlu,18.0,2,1,1,25-34
2996,340.0,13,6,Bulutlu,20.0,2,1,1,25-34
2997,375.0,13,6,Bulutlu,17.0,2,1,1,25-34
2998,465.0,13,6,Güneşli,26.0,2,1,1,25-34
2999,585.0,13,6,Soğuk/Karlı,23.0,3,1,1,25-34
3000,395.0,13,6,Bulutlu,25.0,2,1,1,25-34
3001,495.0,13,6,Bulutlu,12.0,3,1,1,25-34
3002,585.0,13,6,Güneşli,18.0,3,1,1,25-34
3003,585.0,13,6,Bulutlu,17.0,3,1,1,25-34
3004,355.0,13,6,Yağmurlu,11.0,2,1,1,25-34
3005,445.0,13,6,Soğuk/Karlı,15.0,2,1,1,25-34
3006,375.0,13,6,Bulutlu,26.0,2,1,1,25-34
3007,130.0,14,6,Yağmurlu,25.0,1,1,1,25-34
3008,60.0,14,6,Bulutlu,23.0,1,1,1,25-34
3009,115.0,14,6,Bulutlu,14.0,1,1,1,25-34
3010,85.0,15,6,Yağmurlu,11.0,1,1,1,25-34
3011,115.0,15,6,Soğuk/Karlı,17.0,1,1,1,25-34
3012,85.0,15,6,Güneşli,21.0,1,1,1,25-34
3013,130.0,15,6,Bulutlu,10.0,1,1,1,25-34
3014,155.0,16,6,Soğuk/Karlı,14.0,2,1,1,25-34
3015,130.0,16,6,Soğuk/Karlı,17.0,1,1,1,25-34
3016,235.0,16,6,Güneşli,15.0,2,1,1,25-34
3017,45.0,17,6,Yağmurlu,17.0,1,1,1,25-34
3018,140.0,17,6,Yağmurlu,26.0,2,1,1,25-34
3019,295.0,17,6,Bulutlu,13.0,2,1,1,25-34
3020,205.0,18,6,Bulutlu,12.0,2,1,1,25-34
3021,60.0,18,6,Yağmurlu,26.0,1,1,1,25-34
3022,245.0,18,6,Soğuk/Karlı,18.0,2,1,1,25-34
3023,45.0,18,6,Bulutlu,26.0,1,1,1,25-34
3024,3190.0,19,6,Yağmurlu,9.0,5,1,2,25-34
3025,1710.0,19,6,Soğuk/Karlı,12.0,4,1,2,25-34
3026,2190.0,19,6,Bulutlu,11.0,3,1,1,25-34
3027,1900.0,19,6,Soğuk/Karlı,13.0,5,1,2,25-34
3028,2140.0,19,6,Soğuk/Karlı,8.0,3,1,1,25-34
3029,1995.0,19,6,Yağmurlu,15.0,4,1,2,25-34
3030,1540.0,19,6,Yağmurlu,22.0,4,1,2,25-34
3031,2880.0,19,6,Soğuk/Karlı,17.0,5,1,2,25-34
3032,1260.0,19,6,Bulutlu,23.0,3,1,1,25-34
3033,1980.0,19,6,Bulutlu,22.0,4,1,2,25-34
3034,4010.0,19,6,Güneşli,26.0,4,1,2,25-34
3035,2985.0,19,6,Bulutlu,13.0,5,1,2,25-34
3036,1980.0,19,6,Soğuk/Karlı,25.0,4,1,2,25-34
3037,1510.0,19,6,Bulutlu,10.0,3,1,1,25-34
3038,4245.0,19,6,Soğuk/Karlı,26.0,5,1,2,25-34
3039,3370.0,19,6,Yağmurlu,23.0,4,1,2,25-34
3040,2420.0,19,6,Güneşli,26.0,4,1,2,25-34
3041,4195.0,19,6,Soğuk/Karlı,12.0,3,1,1,25-34
3042,2520.0,19,6,Güneşli,8.0,3,1,1,25-34
3043,1370.0,19,6,Soğuk/Karlı,8.0,2,1,1,25-34
3044,1400.0,20,6,Yağmurlu,12.0,4,1,2,25-34
3045,1330.0,20,6,Soğuk/Karlı,17.0,1,1,1,25-34
3046,2885.0,20,6,Güneşli,10.0,3,1,1,25-34
3047,2175.0,20,6,Soğuk/Karlı,17.0,4,1,2,25-34
3048,1390.0,20,6,Bulutlu,25.0,3,1,1,25-34
3049,1830.0,20,6,Soğuk/Karlı,18.0,3,1,1,25-34
3050,2460.0,20,6,Güneşli,20.0,4,1,2,25-34
3051,2340.0,20,6,Soğuk/Karlı,16.0,5,1,2,25-34
3052,1635.0,20,6,Bulutlu,23.0,5,1,2,25-34
3053,2920.0,20,6,Soğuk/Karlı,9.0,4,1,2,25-34
3054,1730.0,20,6,Yağmurlu,26.0,3,1,1,25-34
3055,2910.0,20,6,Soğuk/Karlı,18.0,5,1,2,25-34
3056,2640.0,20,6,Yağmurlu,8.0,4,1,2,25-34
3057,2900.0,20,6,Soğuk/Karlı,25.0,5,1,2,25-34
3058,3080.0,20,6,Yağmurlu,12.0,3,1,1,25-34
3059,4115.0,20,6,Yağmurlu,25.0,3,1,1,25-34
3060,2280.0,20,6,Soğuk/Karlı,26.0,2,1,1,25-34
3061,2400.0,20,6,Güneşli,9.0,3,1,1,25-34
3062,1550.0,20,6,Bulutlu,16.0,3,1,1,25-34
3063,1570.0,20,6,Bulutlu,20.0,4,1,2,25-34
3064,2245.0,20,6,Yağmurlu,19.0,4,1,2,25-34
3065,2750.0,20,6,Yağmurlu,11.0,4,1,2,25-34
3066,3020.0,21,6,Soğuk/Karlı,17.0,3,1,1,25-34
3067,2155.0,21,6,Bulutlu,9.0,3,1,1,25-34
3068,2430.0,21,6,Bulutlu,18.0,4,1,2,25-34
3069,3310.0,21,6,Soğuk/Karlı,14.0,5,1,2,25-34
3070,2410.0,21,6,Soğuk/Karlı,12.0,4,1,2,25-34
3071,3910.0,21,6,Güneşli,23.0,4,1,2,25-34
3072,3770.0,21,6,Bulutlu,9.0,5,1,2,25-34
3073,2375.0,21,6,Soğuk/Karlı,22.0,5,1,2,25-34
3074,1490.0,21,6,Yağmurlu,22.0,3,1,1,25-34
3075,1585.0,21,6,Güneşli,21.0,4,1,2,25-34
3076,2600.0,21,6,Bulutlu,21.0,5,1,2,25-34
3077,2585.0,21,6,Güneşli,17.0,3,1,1,25-34
3078,1760.0,21,6,Bulutlu,23.0,5,1,2,25-34
3079,2610.0,21,6,Güneşli,22.0,4,1,2,25-34
3080,4220.0,21,6,Güneşli,24.0,4,1,2,25-34
3081,3140.0,21,6,Soğuk/Karlı,18.0,4,1,2,25-34
3082,1320.0,21,6,Bulutlu,12.0,2,1,1,25-34
3083,2280.0,21,6,Soğuk/Karlı,24.0,3,1,1,25-34
3084,2115.0,21,6,Güneşli,25.0,4,1,2,25-34
3085,2085.0,21,6,Yağmurlu,15.0,2,1,1,25-34
3086,4315.0,21,6,Güneşli,19.0,3,1,1,25-34
3087,1380.0,21,6,Soğuk/Karlı,24.0,2,1,1,25-34
3088,2730.0,21,6,Bulutlu,9.0,3,1,1,25-34
3089,1825.0,21,6,Güneşli,11.0,5,1,2,25-34
3090,2540.0,21,6,Yağmurlu,10.0,3,1,1,25-34
3091,190.0,22,6,Yağmurlu,13.0,2,1,1,25-34
3092,335.0,23,6,Güneşli,24.0,2,1,1,25-34
3093,60.0,23,6,Soğuk/Karlı,19.0,1,1,1,25-34
3094,240.0,0,0,Soğuk/Karlı,15.0,2,1,1,25-34
3095,300.0,1,0,Soğuk/Karlı,23.0,2,1,1,25-34
3096,255.0,1,0,Yağmurlu,24.0,2,1,1,25-34
3097,460.0,8,0,Soğuk/Karlı,15.0,2,1,1,25-34
3098,1040.0,8,0,Soğuk/Karlı,13.0,2,1,1,25-34
3099,630.0,8,0,Soğuk/Karlı,12.0,2,1,1,25-34
3100,1075.0,8,0,Bulutlu,11.0,2,1,1,25-34
3101,1110.0,8,0,Bulutlu,10.0,2,1,1,25-34
3102,425.0,8,0,Güneşli,21.0,2,1,1,25-34
3103,390.0,8,0,Soğuk/Karlı,18.0,2,1,1,25-34
3104,700.0,8,0,Bulutlu,15.0,2,1,1,25-34
3105,665.0,8,0,Yağmurlu,24.0,2,1,1,25-34
3106,700.0,8,0,Yağmurlu,13.0,2,1,1,25-34
3107,735.0,8,0,Yağmurlu,23.0,2,1,1,25-34
3108,530.0,8,0,Yağmurlu,8.0,2,1,1,25-34
3109,530.0,9,0,Soğuk/Karlı,21.0,2,1,1,25-34
3110,460.0,9,0,Bulutlu,20.0,2,1,1,25-34
3111,700.0,9,0,Güneşli,12.0,2,1,1,25-34
3112,970.0,9,0,Bulutlu,9.0,2,1,1,25-34
3113,390.0,9,0,Soğuk/Karlı,8.0,2,1,1,25-34
3114,1040.0,9,0,Güneşli,10.0,2,1,1,25-34
3115,735.0,9,0,Soğuk/Karlı,24.0,2,1,1,25-34
3116,1110.0,10,0,Güneşli,12.0,2,1,1,25-34
3117,630.0,10,0,Yağmurlu,19.0,2,1,1,25-34
3118,700.0,10,0,Bulutlu,21.0,2,1,1,25-34
3119,735.0,10,0,Soğuk/Karlı,24.0,2,1,1,25-34
3120,735.0,10,0,Soğuk/Karlı,8.0,2,1,1,25-34
3121,630.0,10,0,Yağmurlu,24.0,2,1,1,25-34
3122,735.0,10,0,Bulutlu,26.0,2,1,1,25-34
3123,735.0,10,0,Soğuk/Karlı,24.0,2,1,1,25-34
3124,460.0,10,0,Yağmurlu,9.0,2,1,1,25-34
3125,65.0,11,0,Soğuk/Karlı,21.0,1,1,1,25-34
3126,285.0,11,0,Güneşli,26.0,2,1,1,25-34
3127,495.0,12,0,Güneşli,18.0,3,1,1,25-34
3128,445.0,12,0,Yağmurlu,20.0,2,1,1,25-34
3129,340.0,12,0,Soğuk/Karlı,9.0,2,1,1,25-34
3130,535.0,12,0,Soğuk/Karlı,15.0,3,1,1,25-34
3131,465.0,12,0,Güneşli,16.0,2,1,1,25-34
3132,340.0,12,0,Güneşli,26.0,2,1,1,25-34
3133,340.0,12,0,Yağmurlu,13.0,2,1,1,25-34
3134,455.0,12,0,Yağmurlu,22.0,3,1,1,25-34
3135,585.0,12,0,Bulutlu,13.0,3,1,1,25-34
3136,355.0,12,0,Yağmurlu,9.0,2,1,1,25-34
3137,395.0,12,0,Soğuk/Karlı,16.0,2,1,1,25-34
3138,355.0,12,0,Yağmurlu,11.0,2,1,1,25-34
3139,455.0,12,0,Güneşli,14.0,3,1,1,25-34
3140,395.0,12,0,Bulutlu,20.0,2,1,1,25-34
3141,395.0,12,0,Yağmurlu,16.0,2,1,1,25-34
3142,375.0,12,0,Güneşli,10.0,2,1,1,25-34
3143,355.0,12,0,Bulutlu,19.0,2,1,1,25-34
3144,455.0,12,0,Güneşli,9.0,3,1,1,25-34
3145,585.0,12,0,Bulutlu,22.0,3,1,1,25-34
3146,325.0,13,0,Yağmurlu,21.0,2,1,1,25-34
3147,495.0,13,0,Bulutlu,26.0,3,1,1,25-34
3148,340.0,13,0,Güneşli,21.0,2,1,1,25-34
3149,495.0,13,0,Bulutlu,10.0,3,1,1,25-34
3150,465.0,13,0,Bulutlu,15.0,2,1,1,25-34
3151,340.0,13,0,Güneşli,18.0,2,1,1,25-34
3152,585.0,13,0,Soğuk/Karlı,24.0,3,1,1,25-34
3153,355.0,13,0,Yağmurlu,19.0,2,1,1,25-34
3154,455.0,13,0,Güneşli,10.0,3,1,1,25-34
3155,340.0,13,0,Bulutlu,10.0,2,1,1,25-34
3156,455.0,13,0,Güneşli,8.0,3,1,1,25-34
3157,465.0,13,0,Güneşli,22.0,2,1,1,25-34
3158,495.0,13,0,Bulutlu,11.0,3,1,1,25-34
3159,465.0,13,0,Bulutlu,14.0,2,1,1,25-34
3160,325.0,13,0,Bulutlu,14.0,2,1,1,25-34
3161,325.0,13,0,Soğuk/Karlı,8.0,2,1,1,25-34
3162,465.0,13,0,Bulutlu,13.0,2,1,1,25-34
3163,45.0,14,0,Soğuk/Karlı,8.0,1,1,1,25-34
3164,210.0,14,0,Güneşli,9.0,2,1,1,25-34
3165,285.0,14,0,Bulutlu,11.0,2,1,1,25-34
3166,75.0,15,0,Güneşli,13.0,1,1,1,25-34
3167,85.0,15,0,Güneşli,24.0,1,1,1,25-34
3168,180.0,15,0,Güneşli,8.0,2,1,1,25-34
3169,180.0,16,0,Soğuk/Karlı,17.0,2,1,1,25-34
3170,35.0,16,0,Güneşli,24.0,1,1,1,25-34
3171,180.0,16,0,Bulutlu,14.0,2,1,1,25-34
3172,130.0,16,0,Güneşli,26.0,1,1,1,25-34
3173,210.0,17,0,Güneşli,19.0,2,1,1,25-34
3174,60.0,17,0,Yağmurlu,24.0,1,1,1,25-34
3175,35.0,17,0,Bulutlu,17.0,1,1,1,25-34
3176,285.0,18,0,Güneşli,11.0,2,1,1,25-34
3177,3240.0,19,0,Güneşli,24.0,4,1,2,25-34
3178,1760.0,19,0,Bulutlu,9.0,5,1,2,25-34
3179,4240.0,19,0,Yağmurlu,10.0,3,1,1,25-34
3180,3470.0,19,0,Bulutlu,15.0,3,1,1,25-34
3181,4585.0,19,0,Güneşli,23.0,4,1,2,25-34
3182,1585.0,19,0,Güneşli,9.0,4,1,2,25-34
3183,3260.0,19,0,Güneşli,8.0,3,1,1,25-34
3184,3440.0,19,0,Yağmurlu,24.0,3,1,1,25-34
3185,3020.0,19,0,Yağmurlu,18.0,3,1,1,25-34
3186,2085.0,19,0,Soğuk/Karlı,25.0,3,1,1,25-34
3187,3990.0,19,0,Yağmurlu,24.0,5,1,2,25-34
3188,2580.0,19,0,Güneşli,17.0,3,1,1,25-34
3189,1805.0,19,0,Soğuk/Karlı,17.0,4,1,2,25-34
3190,3180.0,19,0,Soğuk/Karlı,23.0,3,1,1,25-34
3191,3480.0,19,0,Güneşli,26.0,5,1,2,25-34
3192,4110.0,19,0,Bulutlu,24.0,5,1,2,25-34
3193,3500.0,19,0,Yağmurlu,11.0,2,1,1,25-34
3194,4320.0,19,0,Yağmurlu,12.0,5,1,2,25-34
3195,3530.0,19,0,Bulutlu,22.0,4,1,2,25-34
3196,2800.0,20,0,Bulutlu,19.0,4,1,2,25-34
3197,2580.0,20,0,Soğuk/Karlı,13.0,2,1,1,25-34
3198,3865.0,20,0,Yağmurlu,10.0,3,1,1,25-34
3199,2170.0,20,0,Güneşli,16.0,4,1,2,25-34
3200,2220.0,20,0,Bulutlu,22.0,3,1,1,25-34
3201,2430.0,20,0,Bulutlu,23.0,5,1,2,25-34
3202,3620.0,20,0,Bulutlu,25.0,4,1,2,25-34
3203,2300.0,20,0,Soğuk/Karlı,25.0,3,1,1,25-34
3204,1600.0,20,0,Güneşli,17.0,5,1,2,25-34
3205,2075.0,20,0,Güneşli,26.0,5,1,2,25-34
3206,2360.0,20,0,Güneşli,22.0,5,1,2,25-34
3207,1750.0,20,0,Bulutlu,23.0,4,1,2,25-34
3208,2575.0,20,0,Soğuk/Karlı,8.0,2,1,1,25-34
3209,2010.0,20,0,Güneşli,23.0,5,1,2,25-34
3210,1560.0,20,0,Yağmurlu,11.0,3,1,1,25-34
3211,1710.0,20,0,Güneşli,15.0,2,1,1,25-34
3212,2175.0,20,0,Bulutlu,10.0,4,1,2,25-34
3213,3085.0,20,0,Soğuk/Karlı,9.0,4,1,2,25-34
3214,1630.0,20,0,Yağmurlu,12.0,3,1,1,25-34
3215,2020.0,20,0,Bulutlu,16.0,2,1,1,25-34
3216,2250.0,20,0,Bulutlu,25.0,2,1,1,25-34
3217,2715.0,20,0,Güneşli,21.0,4,1,2,25-34
3218,2120.0,20,0,Soğuk/Karlı,12.0,4,1,2,25-34
3219,2660.0,20,0,Soğuk/Karlı,17.0,5,1,2,25-34
3220,1950.0,20,0,Soğuk/Karlı,17.0,5,1,2,25-34
3221,1240.0,20,0,Yağmurlu,12.0,2,1,1,25-34
3222,2790.0,20,0,Bulutlu,25.0,5,1,2,25-34
3223,3700.0,20,0,Soğuk/Karlı,26.0,4,1,2,25-34
3224,4140.0,21,0,Soğuk/Karlı,17.0,4,1,2,25-34
3225,2770.0,21,0,Yağmurlu,19.0,3,1,1,25-34
3226,2740.0,21,0,Bulutlu,22.0,4,1,2,25-34
3227,3815.0,21,0,Güneşli,11.0,4,1,2,25-34
3228,1915.0,21,0,Güneşli,8.0,3,1,1,25-34
3229,1160.0,21,0,Güneşli,18.0,3,1,1,25-34
3230,2815.0,21,0,Soğuk/Karlı,9.0,3,1,1,25-34
3231,1450.0,21,0,Yağmurlu,17.0,3,1,1,25-34
3232,3140.0,21,0,Güneşli,16.0,4,1,2,25-34
3233,2930.0,21,0,Yağmurlu,11.0,3,1,1,25-34
3234,1680.0,21,0,Güneşli,22.0,4,1,2,25-34
3235,1790.0,21,0,Soğuk/Karlı,16.0,3,1,1,25-34
3236,3150.0,21,0,Bulutlu,16.0,5,1,2,25-34
3237,1585.0,21,0,Yağmurlu,10.0,5,1,2,25-34
3238,2665.0,21,0,Güneşli,16.0,5,1,2,25-34
3239,1360.0,21,0,Yağmurlu,21.0,4,1,2,25-34
3240,2165.0,21,0,Bulutlu,26.0,5,1,2,25-34
3241,1505.0,21,0,Güneşli,19.0,4,1,2,25-34
3242,2340.0,21,0,Güneşli,16.0,3,1,1,25-34
3243,1795.0,21,0,Soğuk/Karlı,11.0,3,1,1,25-34
3244,4005.0,21,0,Soğuk/Karlı,10.0,5,1,2,25-34
3245,35.0,22,0,Soğuk/Karlı,14.0,1,1,1,25-34
3246,215.0,22,0,Bulutlu,9.0,2,1,1,25-34
3247,45.0,23,0,Yağmurlu,16.0,1,1,1,25-34
3248,245.0,0,1,Soğuk/Karlı,21.0,2,0,1,25-34
3249,220.0,0,1,Soğuk/Karlı,10.0,2,0,1,25-34
3250,60.0,0,1,Bulutlu,12.0,1,0,1,25-34
3251,65.0,0,1,Bulutlu,26.0,1,0,1,25-34
3252,65.0,1,1,Yağmurlu,18.0,1,0,1,25-34
3253,60.0,1,1,Yağmurlu,15.0,1,0,1,25-34
3254,130.0,1,1,Güneşli,20.0,1,0,1,25-34
3255,530.0,8,1,Soğuk/Karlı,12.0,2,0,1,25-34
3256,770.0,8,1,Yağmurlu,18.0,2,0,1,25-34
3257,495.0,8,1,Yağmurlu,22.0,2,0,1,25-34
3258,970.0,8,1,Bulutlu,21.0,2,0,1,25-34
3259,460.0,8,1,Soğuk/Karlı,16.0,2,0,1,25-34
3260,735.0,8,1,Yağmurlu,15.0,2,0,1,25-34
3261,495.0,9,1,Bulutlu,22.0,2,0,1,25-34
3262,630.0,9,1,Soğuk/Karlı,25.0,2,0,1,25-34
3263,530.0,9,1,Yağmurlu,18.0,2,0,1,25-34
3264,390.0,9,1,Bulutlu,9.0,2,0,1,25-34
3265,530.0,9,1,Soğuk/Karlı,25.0,2,0,1,25-34
3266,770.0,9,1,Bulutlu,21.0,2,0,1,25-34
3267,630.0,10,1,Yağmurlu,8.0,2,0,1,25-34
3268,970.0,10,1,Soğuk/Karlı,20.0,2,0,1,25-34
3269,390.0,10,1,Yağmurlu,21.0,2,0,1,25-34
3270,495.0,10,1,Güneşli,11.0,2,0,1,25-34
3271,770.0,10,1,Bulutlu,13.0,2,0,1,25-34
3272,1075.0,10,1,Yağmurlu,25.0,2,0,1,25-34
3273,460.0,10,1,Bulutlu,13.0,2,0,1,25-34
3274,460.0,10,1,Bulutlu,24.0,2,0,1,25-34
3275,1040.0,10,1,Yağmurlu,20.0,2,0,1,25-34
3276,65.0,11,1,Güneşli,21.0,1,0,1,25-34
3277,60.0,11,1,Bulutlu,23.0,1,0,1,25-34
3278,325.0,12,1,Soğuk/Karlı,16.0,2,0,1,25-34
3279,355.0,12,1,Soğuk/Karlı,22.0,2,0,1,25-34
3280,375.0,12,1,Soğuk/Karlı,19.0,2,0,1,25-34
3281,395.0,12,1,Soğuk/Karlı,9.0,2,0,1,25-34
3282,495.0,12,1,Soğuk/Karlı,10.0,3,0,1,25-34
3283,340.0,12,1,Yağmurlu,20.0,2,0,1,25-34
3284,455.0,12,1,Güneşli,24.0,3,0,1,25-34
3285,465.0,12,1,Soğuk/Karlı,18.0,2,0,1,25-34
3286,340.0,12,1,Bulutlu,23.0,2,0,1,25-34
3287,455.0,12,1,Soğuk/Karlı,12.0,3,0,1,25-34
3288,445.0,12,1,Yağmurlu,13.0,2,0,1,25-34
3289,535.0,12,1,Bulutlu,14.0,3,0,1,25-34
3290,375.0,13,1,Yağmurlu,15.0,2,0,1,25-34
3291,455.0,13,1,Soğuk/Karlı,24.0,3,0,1,25-34
3292,455.0,13,1,Yağmurlu,23.0,3,0,1,25-34
3293,465.0,13,1,Soğuk/Karlı,8.0,2,0,1,25-34
3294,395.0,13,1,Bulutlu,10.0,2,0,1,25-34
3295,355.0,13,1,Soğuk/Karlı,25.0,2,0,1,25-34
3296,495.0,13,1,Soğuk/Karlı,21.0,3,0,1,25-34
3297,355.0,13,1,Bulutlu,20.0,2,0,1,25-34
3298,340.0,13,1,Güneşli,25.0,2,0,1,25-34
3299,585.0,13,1,Güneşli,11.0,3,0,1,25-34
3300,340.0,13,1,Güneşli,12.0,2,0,1,25-34
3301,445.0,13,1,Bulutlu,23.0,2,0,1,25-34
3302,535.0,13,1,Bulutlu,15.0,3,0,1,25-34
3303,585.0,13,1,Güneşli,11.0,3,0,1,25-34
3304,355.0,13,1,Yağmurlu,13.0,2,0,1,25-34
3305,325.0,13,1,Soğuk/Karlı,11.0,2,0,1,25-34
3306,325.0,13,1,Güneşli,20.0,2,0,1,25-34
3307,65.0,14,1,Soğuk/Karlı,25.0,1,0,1,25-34
3308,65.0,15,1,Bulutlu,24.0,1,0,1,25-34
3309,175.0,15,1,Yağmurlu,22.0,2,0,1,25-34
3310,35.0,16,1,Soğuk/Karlı,20.0,1,0,1,25-34
3311,295.0,16,1,Bulutlu,15.0,2,0,1,25-34
3312,170.0,17,1,Güneşli,11.0,2,0,1,25-34
3313,85.0,17,1,Güneşli,8.0,1,0,1,25-34
3314,35.0,17,1,Bulutlu,19.0,1,0,1,25-34
3315,245.0,18,1,Güneşli,23.0,2,0,1,25-34
3316,35.0,18,1,Bulutlu,17.0,1,0,1,25-34
3317,185.0,18,1,Güneşli,19.0,2,0,1,25-34
3318,1310.0,19,1,Yağmurlu,9.0,4,0,2,25-34
3319,2940.0,19,1,Soğuk/Karlı,11.0,4,0,2,25-34
3320,3830.0,19,1,Soğuk/Karlı,23.0,5,0,2,25-34
3321,1960.0,19,1,Bulutlu,8.0,3,0,1,25-34
3322,3100.0,19,1,Yağmurlu,17.0,3,0,1,25-34
3323,2400.0,19,1,Güneşli,11.0,3,0,1,25-34
3324,3015.0,19,1,Soğuk/Karlı,21.0,3,0,1,25-34
3325,1800.0,19,1,Yağmurlu,22.0,2,0,1,25-34
3326,3350.0,19,1,Güneşli,20.0,3,0,1,25-34
3327,1695.0,19,1,Güneşli,14.0,4,0,2,25-34
3328,1430.0,19,1,Soğuk/Karlı,23.0,3,0,1,25-34
3329,4310.0,19,1,Soğuk/Karlı,14.0,5,0,2,25-34
3330,2025.0,19,1,Bulutlu,26.0,3,0,1,25-34
3331,1860.0,19,1,Bulutlu,20.0,4,0,2,25-34
3332,1315.0,19,1,Yağmurlu,10.0,3,0,1,25-34
3333,4695.0,19,1,Güneşli,11.0,3,0,1,25-34
3334,2295.0,19,1,Soğuk/Karlı,8.0,4,0,2,25-34
3335,3660.0,19,1,Güneşli,17.0,4,0,2,25-34
3336,2220.0,19,1,Soğuk/Karlı,16.0,3,0,1,25-34
3337,3440.0,19,1,Bulutlu,12.0,4,0,2,25-34
3338,4105.0,19,1,Güneşli,24.0,4,0,2,25-34
3339,2880.0,19,1,Yağmurlu,20.0,3,0,1,25-34
3340,3365.0,19,1,Soğuk/Karlı,23.0,4,0,2,25-34
3341,3985.0,19,1,Soğuk/Karlı,16.0,4,0,2,25-34
3342,3565.0,19,1,Güneşli,19.0,3,0,1,25-34
3343,1245.0,19,1,Soğuk/Karlı,15.0,4,0,2,25-34
3344,2355.0,20,1,Soğuk/Karlı,17.0,2,0,1,25-34
3345,1970.0,20,1,Soğuk/Karlı,23.0,3,0,1,25-34
3346,3795.0,20,1,Güneşli,15.0,4,0,2,25-34
3347,3110.0,20,1,Güneşli,24.0,5,0,2,25-34
3348,1700.0,20,1,Soğuk/Karlı,12.0,3,0,1,25-34
3349,1550.0,20,1,Yağmurlu,21.0,3,0,1,25-34
3350,1820.0,20,1,Yağmurlu,22.0,4,0,2,25-34
3351,2025.0,20,1,Yağmurlu,8.0,4,0,2,25-34
3352,2560.0,20,1,Soğuk/Karlı,13.0,4,0,2,25-34
3353,1920.0,20,1,Soğuk/Karlı,10.0,3,0,1,25-34
3354,3095.0,20,1,Güneşli,13.0,4,0,2,25-34
3355,3100.0,20,1,Yağmurlu,23.0,3,0,1,25-34
3356,2210.0,20,1,Soğuk/Karlı,14.0,5,0,2,25-34
3357,1630.0,20,1,Bulutlu,12.0,2,0,1,25-34
3358,3955.0,20,1,Güneşli,15.0,5,0,2,25-34
3359,1675.0,20,1,Soğuk/Karlı,15.0,4,0,2,25-34
3360,3100.0,20,1,Güneşli,15.0,3,0,1,25-34
3361,2640.0,20,1,Soğuk/Karlı,16.0,3,0,1,25-34
3362,2840.0,20,1,Soğuk/Karlı,18.0,3,0,1,25-34
3363,4455.0,21,1,Yağmurlu,8.0,5,0,2,25-34
3364,3805.0,21,1,Bulutlu,23.0,5,0,2,25-34
3365,2965.0,21,1,Güneşli,22.0,4,0,2,25-34
3366,2010.0,21,1,Güneşli,8.0,4,0,2,25-34
3367,3700.0,21,1,Güneşli,9.0,3,0,1,25-34
3368,2540.0,21,1,Yağmurlu,17.0,4,0,2,25-34
3369,3810.0,21,1,Güneşli,19.0,5,0,2,25-34
3370,2680.0,21,1,Yağmurlu,22.0,2,0,1,25-34
3371,3120.0,21,1,Bulutlu,16.0,5,0,2,25-34
3372,1770.0,21,1,Yağmurlu,24.0,3,0,1,25-34
3373,3020.0,21,1,Soğuk/Karlı,12.0,4,0,2,25-34
3374,2205.0,21,1,Soğuk/Karlı,18.0,1,0,1,25-34
3375,2310.0,21,1,Güneşli,23.0,4,0,2,25-34
3376,1880.0,21,1,Soğuk/Karlı,10.0,5,0,2,25-34
3377,2220.0,21,1,Bulutlu,17.0,5,0,2,25-34
3378,3675.0,21,1,Bulutlu,8.0,1,0,1,25-34
3379,3180.0,21,1,Güneşli,14.0,4,0,2,25-34
3380,1665.0,21,1,Soğuk/Karlı,20.0,4,0,2,25-34
3381,1150.0,21,1,Bulutlu,12.0,2,0,1,25-34
3382,2370.0,21,1,Bulutlu,9.0,3,0,1,25-34
3383,3220.0,21,1,Güneşli,22.0,4,0,2,25-34
3384,2055.0,21,1,Bulutlu,9.0,3,0,1,25-34
3385,2840.0,21,1,Bulutlu,18.0,4,0,2,25-34
3386,1980.0,21,1,Yağmurlu,16.0,5,0,2,25-34
3387,3795.0,21,1,Bulutlu,17.0,4,0,2,25-34
3388,3290.0,21,1,Bulutlu,22.0,4,0,2,25-34
3389,2735.0,21,1,Yağmurlu,9.0,4,0,2,25-34
3390,2295.0,21,1,Güneşli,21.0,2,0,1,25-34
3391,2900.0,21,1,Yağmurlu,21.0,5,0,2,25-34
3392,1470.0,21,1,Güneşli,16.0,3,0,1,25-34
3393,2490.0,21,1,Güneşli,8.0,3,0,1,25-34
3394,3245.0,21,1,Soğuk/Karlı,26.0,4,0,2,25-34
3395,60.0,22,1,Soğuk/Karlı,23.0,1,0,1,25-34
3396,275.0,22,1,Güneşli,20.0,2,0,1,25-34
3397,60.0,22,1,Bulutlu,22.0,1,0,1,25-34
3398,35.0,22,1,Soğuk/Karlı,8.0,1,0,1,25-34
3399,45.0,23,1,Güneşli,24.0,1,0,1,25-34
3400,325.0,23,1,Güneşli,8.0,2,0,1,25-34
3401,85.0,23,1,Bulutlu,26.0,1,0,1,25-34
3402,65.0,0,2,Bulutlu,18.0,1,0,1,25-34
3403,325.0,0,2,Soğuk/Karlı,26.0,2,0,1,25-34
3404,75.0,1,2,Bulutlu,22.0,1,0,1,25-34
3405,460.0,8,2,Soğuk/Karlı,17.0,2,0,1,25-34
3406,530.0,8,2,Bulutlu,9.0,2,0,1,25-34
3407,970.0,8,2,Bulutlu,13.0,2,0,1,25-34
3408,1075.0,8,2,Güneşli,10.0,2,0,1,25-34
3409,735.0,8,2,Yağmurlu,23.0,2,0,1,25-34
3410,735.0,8,2,Soğuk/Karlı,11.0,2,0,1,25-34
3411,1005.0,8,2,Soğuk/Karlı,21.0,2,0,1,25-34
3412,530.0,8,2,Güneşli,16.0,2,0,1,25-34
3413,1040.0,8,2,Yağmurlu,17.0,2,0,1,25-34
3414,530.0,9,2,Güneşli,15.0,2,0,1,25-34
3415,460.0,9,2,Bulutlu,10.0,2,0,1,25-34
3416,1040.0,9,2,Güneşli,20.0,2,0,1,25-34
3417,530.0,9,2,Güneşli,13.0,2,0,1,25-34
3418,700.0,9,2,Yağmurlu,26.0,2,0,1,25-34
3419,1110.0,9,2,Güneşli,13.0,2,0,1,25-34
3420,1040.0,9,2,Yağmurlu,23.0,2,0,1,25-34
3421,1075.0,9,2,Güneşli,19.0,2,0,1,25-34
3422,700.0,9,2,Soğuk/Karlı,18.0,2,0,1,25-34
3423,390.0,9,2,Yağmurlu,13.0,2,0,1,25-34
3424,970.0,9,2,Bulutlu,19.0,2,0,1,25-34
3425,425.0,10,2,Güneşli,17.0,2,0,1,25-34
3426,1075.0,10,2,Yağmurlu,25.0,2,0,1,25-34
3427,1075.0,10,2,Yağmurlu,24.0,2,0,1,25-34
3428,1110.0,10,2,Soğuk/Karlı,22.0,2,0,1,25-34
3429,1110.0,10,2,Soğuk/Karlı,14.0,2,0,1,25-34
3430,75.0,11,2,Soğuk/Karlı,11.0,1,0,1,25-34
3431,225.0,11,2,Soğuk/Karlı,12.0,2,0,1,25-34
3432,215.0,11,2,Soğuk/Karlı,20.0,2,0,1,25-34
3433,225.0,11,2,Yağmurlu,25.0,2,0,1,25-34
3434,495.0,12,2,Soğuk/Karlı,14.0,3,0,1,25-34
3435,325.0,12,2,Yağmurlu,13.0,2,0,1,25-34
3436,445.0,12,2,Yağmurlu,11.0,2,0,1,25-34
3437,465.0,12,2,Bulutlu,8.0,2,0,1,25-34
3438,355.0,12,2,Yağmurlu,22.0,2,0,1,25-34
3439,340.0,12,2,Bulutlu,26.0,2,0,1,25-34
3440,325.0,12,2,Güneşli,18.0,2,0,1,25-34
3441,455.0,12,2,Yağmurlu,21.0,3,0,1,25-34
3442,455.0,12,2,Bulutlu,21.0,3,0,1,25-34
3443,445.0,12,2,Güneşli,21.0,2,0,1,25-34
3444,340.0,12,2,Yağmurlu,22.0,2,0,1,25-34
3445,340.0,12,2,Soğuk/Karlı,11.0,2,0,1,25-34
3446,340.0,12,2,Yağmurlu,23.0,2,0,1,25-34
3447,535.0,12,2,Soğuk/Karlı,17.0,3,0,1,25-34
3448,535.0,12,2,Yağmurlu,25.0,3,0,1,25-34
3449,465.0,12,2,Yağmurlu,20.0,2,0,1,25-34
3450,340.0,13,2,Yağmurlu,16.0,2,0,1,25-34
3451,585.0,13,2,Soğuk/Karlı,26.0,3,0,1,25-34
3452,340.0,13,2,Güneşli,8.0,2,0,1,25-34
3453,495.0,13,2,Güneşli,21.0,3,0,1,25-34
3454,535.0,13,2,Yağmurlu,20.0,3,0,1,25-34
3455,340.0,13,2,Yağmurlu,18.0,2,0,1,25-34
3456,455.0,13,2,Güneşli,20.0,3,0,1,25-34
3457,395.0,13,2,Soğuk/Karlı,11.0,2,0,1,25-34
3458,455.0,13,2,Yağmurlu,20.0,3,0,1,25-34
3459,455.0,13,2,Soğuk/Karlı,9.0,3,0,1,25-34
3460,465.0,13,2,Yağmurlu,8.0,2,0,1,25-34
3461,495.0,13,2,Yağmurlu,15.0,3,0,1,25-34
3462,445.0,13,2,Yağmurlu,10.0,2,0,1,25-34
3463,375.0,13,2,Bulutlu,10.0,2,0,1,25-34
3464,375.0,13,2,Bulutlu,13.0,2,0,1,25-34
3465,375.0,13,2,Güneşli,25.0,2,0,1,25-34
3466,535.0,13,2,Soğuk/Karlı,15.0,3,0,1,25-34
3467,455.0,13,2,Bulutlu,17.0,3,0,1,25-34
3468,355.0,13,2,Bulutlu,15.0,2,0,1,25-34
3469,495.0,13,2,Güneşli,26.0,3,0,1,25-34
3470,585.0,13,2,Bulutlu,23.0,3,0,1,25-34
3471,445.0,13,2,Güneşli,16.0,2,0,1,25-34
3472,455.0,13,2,Güneşli,17.0,3,0,1,25-34
3473,455.0,13,2,Bulutlu,11.0,3,0,1,25-34
3474,445.0,13,2,Güneşli,20.0,2,0,1,25-34
3475,140.0,14,2,Soğuk/Karlı,14.0,2,0,1,25-34
3476,210.0,14,2,Bulutlu,25.0,2,0,1,25-34
3477,45.0,14,2,Yağmurlu,11.0,1,0,1,25-34
3478,35.0,15,2,Soğuk/Karlı,24.0,1,0,1,25-34
3479,45.0,15,2,Yağmurlu,12.0,1,0,1,25-34
3480,155.0,16,2,Yağmurlu,18.0,2,0,1,25-34
3481,75.0,17,2,Soğuk/Karlı,12.0,1,0,1,25-34
3482,205.0,17,2,Bulutlu,11.0,2,0,1,25-34
3483,75.0,17,2,Soğuk/Karlı,14.0,1,0,1,25-34
3484,35.0,17,2,Soğuk/Karlı,9.0,1,0,1,25-34
3485,295.0,18,2,Bulutlu,19.0,2,0,1,25-34
3486,75.0,18,2,Güneşli,19.0,1,0,1,25-34
3487,65.0,18,2,Bulutlu,16.0,1,0,1,25-34
3488,3395.0,19,2,Güneşli,8.0,4,0,2,25-34
3489,2900.0,19,2,Güneşli,22.0,5,0,2,25-34
3490,2750.0,19,2,Yağmurlu,16.0,5,0,2,25-34
3491,1695.0,19,2,Yağmurlu,20.0,4,0,2,25-34
3492,2500.0,19,2,Bulutlu,11.0,2,0,1,25-34
3493,3050.0,19,2,Yağmurlu,15.0,3,0,1,25-34
3494,1620.0,19,2,Soğuk/Karlı,22.0,4,0,2,25-34
3495,3865.0,19,2,Bulutlu,16.0,3,0,1,25-34
3496,1680.0,19,2,Yağmurlu,22.0,4,0,2,25-34
3497,3590.0,19,2,Bulutlu,25.0,5,0,2,25-34
3498,2920.0,19,2,Bulutlu,21.0,3,0,1,25-34
3499,2090.0,19,2,Güneşli,24.0,4,0,2,25-34
3500,3665.0,19,2,Soğuk/Karlı,23.0,4,0,2,25-34
3501,1685.0,19,2,Soğuk/Karlı,13.0,4,0,2,25-34
3502,2100.0,19,2,Güneşli,20.0,3,0,1,25-34
3503,2840.0,19,2,Güneşli,19.0,4,0,2,25-34
3504,3220.0,19,2,Güneşli,9.0,5,0,2,25-34
3505,2390.0,19,2,Soğuk/Karlı,25.0,4,0,2,25-34
3506,1320.0,19,2,Bulutlu,20.0,3,0,1,25-34
3507,2260.0,19,2,Güneşli,18.0,2,0,1,25-34
3508,2000.0,20,2,Yağmurlu,10.0,4,0,2,25-34
3509,3390.0,20,2,Soğuk/Karlı,8.0,5,0,2,25-34
3510,1965.0,20,2,Yağmurlu,25.0,3,0,1,25-34
3511,3855.0,20,2,Yağmurlu,17.0,5,0,2,25-34
3512,2080.0,20,2,Soğuk/Karlı,10.0,4,0,2,25-34
3513,1680.0,20,2,Soğuk/Karlı,17.0,4,0,2,25-34
3514,2825.0,20,2,Soğuk/Karlı,11.0,4,0,2,25-34
3515,2680.0,20,2,Bulutlu,25.0,3,0,1,25-34
3516,2625.0,20,2,Soğuk/Karlı,21.0,2,0,1,25-34
3517,2520.0,20,2,Güneşli,25.0,4,0,2,25-34
3518,3645.0,20,2,Soğuk/Karlı,12.0,4,0,2,25-34
3519,4455.0,20,2,Soğuk/Karlı,21.0,4,0,2,25-34
3520,1250.0,20,2,Güneşli,20.0,3,0,1,25-34
3521,1235.0,20,2,Yağmurlu,24.0,4,0,2,25-34
3522,3380.0,20,2,Yağmurlu,26.0,4,0,2,25-34
3523,2980.0,20,2,Güneşli,18.0,3,0,1,25-34
3524,3165.0,20,2,Bulutlu,15.0,3,0,1,25-34
3525,1140.0,20,2,Güneşli,12.0,3,0,1,25-34
3526,2645.0,20,2,Yağmurlu,11.0,5,0,2,25-34
3527,1130.0,20,2,Bulutlu,18.0,2,0,1,25-34
3528,1530.0,20,2,Soğuk/Karlı,14.0,2,0,1,25-34
3529,2595.0,20,2,Güneşli,26.0,4,0,2,25-34
3530,1745.0,20,2,Soğuk/Karlı,23.0,5,0,2,25-34
3531,2925.0,20,2,Bulutlu,15.0,3,0,1,25-34
3532,2550.0,20,2,Bulutlu,9.0,5,0,2,25-34
3533,2685.0,20,2,Yağmurlu,25.0,4,0,2,25-34
3534,2000.0,20,2,Soğuk/Karlı,8.0,4,0,2,25-34
3535,1830.0,20,2,Soğuk/Karlı,21.0,3,0,1,25-34
3536,2645.0,20,2,Soğuk/Karlı,16.0,5,0,2,25-34
3537,2445.0,20,2,Bulutlu,14.0,5,0,2,25-34
3538,1740.0,20,2,Bulutlu,10.0,3,0,1,25-34
3539,2545.0,20,2,Soğuk/Karlı,9.0,4,0,2,25-34
3540,2550.0,21,2,Güneşli,16.0,4,0,2,25-34
3541,1275.0,21,2,Yağmurlu,15.0,3,0,1,25-34
3542,3985.0,21,2,Bulutlu,24.0,5,0,2,25-34
3543,2550.0,21,2,Güneşli,15.0,5,0,2,25-34
3544,2900.0,21,2,Güneşli,19.0,3,0,1,25-34
3545,3000.0,21,2,Soğuk/Karlı,16.0,2,0,1,25-34
3546,3805.0,21,2,Soğuk/Karlı,24.0,4,0,2,25-34
3547,3140.0,21,2,Soğuk/Karlı,25.0,4,0,2,25-34
3548,2965.0,21,2,Yağmurlu,10.0,2,0,1,25-34
3549,1240.0,21,2,Güneşli,24.0,3,0,1,25-34
3550,1600.0,21,2,Yağmurlu,23.0,4,0,2,25-34
3551,1300.0,21,2,Soğuk/Karlı,17.0,2,0,1,25-34
3552,3890.0,21,2,Yağmurlu,9.0,3,0,1,25-34
3553,3170.0,21,2,Yağmurlu,24.0,4,0,2,25-34
3554,1765.0,21,2,Bulutlu,25.0,5,0,2,25-34
3555,2075.0,21,2,Yağmurlu,13.0,3,0,1,25-34
3556,1570.0,21,2,Soğuk/Karlı,13.0,3,0,1,25-34
3557,1525.0,21,2,Yağmurlu,17.0,3,0,1,25-34
3558,2860.0,21,2,Yağmurlu,9.0,2,0,1,25-34
3559,1995.0,21,2,Bulutlu,16.0,4,0,2,25-34
3560,2380.0,21,2,Soğuk/Karlı,18.0,4,0,2,25-34
3561,3100.0,21,2,Yağmurlu,12.0,3,0,1,25-34
3562,2125.0,21,2,Soğuk/Karlı,11.0,2,0,1,25-34
3563,1770.0,21,2,Yağmurlu,10.0,4,0,2,25-34
3564,1790.0,21,2,Soğuk/Karlı,25.0,5,0,2,25-34
3565,3230.0,21,2,Bulutlu,24.0,5,0,2,25-34
3566,3465.0,21,2,Yağmurlu,16.0,4,0,2,25-34
3567,3850.0,21,2,Yağmurlu,12.0,5,0,2,25-34
3568,4365.0,21,2,Yağmurlu,23.0,4,0,2,25-34
3569,3290.0,21,2,Yağmurlu,8.0,3,0,1,25-34
3570,4020.0,21,2,Yağmurlu,24.0,4,0,2,25-34
3571,115.0,22,2,Soğuk/Karlı,23.0,1,0,1,25-34
3572,75.0,22,2,Bulutlu,23.0,1,0,1,25-34
3573,65.0,23,2,Güneşli,10.0,1,0,1,25-34
3574,130.0,0,3,Soğuk/Karlı,8.0,1,0,1,25-34
3575,235.0,1,3,Soğuk/Karlı,20.0,2,0,1,25-34
3576,115.0,1,3,Güneşli,10.0,1,0,1,25-34
3577,240.0,1,3,Bulutlu,16.0,2,0,1,25-34
3578,1040.0,8,3,Yağmurlu,26.0,2,0,1,25-34
3579,530.0,8,3,Soğuk/Karlı,20.0,2,0,1,25-34
3580,970.0,8,3,Güneşli,12.0,2,0,1,25-34
3581,390.0,8,3,Soğuk/Karlı,25.0,2,0,1,25-34
3582,735.0,8,3,Soğuk/Karlı,25.0,2,0,1,25-34
3583,770.0,8,3,Soğuk/Karlı,14.0,2,0,1,25-34
3584,390.0,8,3,Yağmurlu,26.0,2,0,1,25-34
3585,495.0,8,3,Soğuk/Karlı,22.0,2,0,1,25-34
3586,1040.0,8,3,Bulutlu,14.0,2,0,1,25-34
3587,735.0,8,3,Yağmurlu,24.0,2,0,1,25-34
3588,495.0,9,3,Soğuk/Karlı,8.0,2,0,1,25-34
3589,1075.0,9,3,Güneşli,14.0,2,0,1,25-34
3590,970.0,9,3,Güneşli,26.0,2,0,1,25-34
3591,530.0,9,3,Güneşli,26.0,2,0,1,25-34
3592,425.0,9,3,Soğuk/Karlı,12.0,2,0,1,25-34
3593,770.0,9,3,Soğuk/Karlı,26.0,2,0,1,25-34
3594,665.0,9,3,Soğuk/Karlı,12.0,2,0,1,25-34
3595,735.0,9,3,Bulutlu,10.0,2,0,1,25-34
3596,1005.0,9,3,Soğuk/Karlı,24.0,2,0,1,25-34
3597,1110.0,10,3,Bulutlu,17.0,2,0,1,25-34
3598,630.0,10,3,Soğuk/Karlı,8.0,2,0,1,25-34
3599,700.0,10,3,Soğuk/Karlı,9.0,2,0,1,25-34
3600,1005.0,10,3,Bulutlu,11.0,2,0,1,25-34
3601,770.0,10,3,Soğuk/Karlı,26.0,2,0,1,25-34
3602,425.0,10,3,Soğuk/Karlı,25.0,2,0,1,25-34
3603,1075.0,10,3,Bulutlu,15.0,2,0,1,25-34
3604,65.0,11,3,Yağmurlu,12.0,1,0,1,25-34
3605,45.0,11,3,Güneşli,9.0,1,0,1,25-34
3606,355.0,12,3,Yağmurlu,13.0,2,0,1,25-34
3607,355.0,12,3,Yağmurlu,15.0,2,0,1,25-34
3608,535.0,12,3,Güneşli,19.0,3,0,1,25-34
3609,465.0,12,3,Bulutlu,22.0,2,0,1,25-34
3610,375.0,12,3,Yağmurlu,24.0,2,0,1,25-34
3611,325.0,12,3,Yağmurlu,12.0,2,0,1,25-34
3612,455.0,12,3,Güneşli,22.0,3,0,1,25-34
3613,355.0,12,3,Bulutlu,26.0,2,0,1,25-34
3614,355.0,12,3,Yağmurlu,8.0,2,0,1,25-34
3615,455.0,12,3,Soğuk/Karlı,19.0,3,0,1,25-34
3616,535.0,12,3,Bulutlu,14.0,3,0,1,25-34
3617,535.0,12,3,Güneşli,14.0,3,0,1,25-34
3618,455.0,12,3,Soğuk/Karlı,8.0,3,0,1,25-34
3619,455.0,12,3,Güneşli,20.0,3,0,1,25-34
3620,355.0,12,3,Güneşli,17.0,2,0,1,25-34
3621,585.0,12,3,Bulutlu,12.0,3,0,1,25-34
3622,495.0,12,3,Güneşli,20.0,3,0,1,25-34
3623,465.0,12,3,Soğuk/Karlı,19.0,2,0,1,25-34
3624,585.0,12,3,Yağmurlu,12.0,3,0,1,25-34
3625,535.0,12,3,Soğuk/Karlı,16.0,3,0,1,25-34
3626,395.0,12,3,Yağmurlu,19.0,2,0,1,25-34
3627,375.0,12,3,Güneşli,14.0,2,0,1,25-34
3628,535.0,12,3,Soğuk/Karlı,13.0,3,0,1,25-34
3629,495.0,12,3,Soğuk/Karlı,12.0,3,0,1,25-34
3630,585.0,12,3,Güneşli,24.0,3,0,1,25-34
3631,585.0,13,3,Güneşli,16.0,3,0,1,25-34
3632,375.0,13,3,Soğuk/Karlı,13.0,2,0,1,25-34
3633,445.0,13,3,Güneşli,15.0,2,0,1,25-34
3634,445.0,13,3,Yağmurlu,21.0,2,0,1,25-34
3635,375.0,13,3,Soğuk/Karlı,22.0,2,0,1,25-34
3636,340.0,13,3,Güneşli,25.0,2,0,1,25-34
3637,455.0,13,3,Soğuk/Karlı,17.0,3,0,1,25-34
3638,355.0,13,3,Yağmurlu,21.0,2,0,1,25-34
3639,585.0,13,3,Yağmurlu,15.0,3,0,1,25-34
3640,495.0,13,3,Bulutlu,24.0,3,0,1,25-34
3641,455.0,13,3,Güneşli,14.0,3,0,1,25-34
3642,355.0,13,3,Yağmurlu,13.0,2,0,1,25-34
3643,495.0,13,3,Yağmurlu,21.0,3,0,1,25-34
3644,455.0,13,3,Bulutlu,8.0,3,0,1,25-34
3645,395.0,13,3,Yağmurlu,13.0,2,0,1,25-34
3646,395.0,13,3,Yağmurlu,9.0,2,0,1,25-34
3647,535.0,13,3,Yağmurlu,16.0,3,0,1,25-34
3648,275.0,14,3,Yağmurlu,15.0,2,0,1,25-34
3649,210.0,14,3,Soğuk/Karlı,16.0,2,0,1,25-34
3650,180.0,14,3,Bulutlu,23.0,2,0,1,25-34
3651,130.0,15,3,Bulutlu,14.0,1,0,1,25-34
3652,115.0,16,3,Güneşli,20.0,1,0,1,25-34
3653,265.0,16,3,Yağmurlu,25.0,2,0,1,25-34
3654,240.0,16,3,Soğuk/Karlı,18.0,2,0,1,25-34
3655,275.0,16,3,Güneşli,21.0,2,0,1,25-34
3656,45.0,17,3,Güneşli,22.0,1,0,1,25-34
3657,35.0,17,3,Bulutlu,10.0,1,0,1,25-34
3658,65.0,17,3,Güneşli,12.0,1,0,1,25-34
3659,180.0,18,3,Güneşli,10.0,2,0,1,25-34
3660,75.0,18,3,Yağmurlu,10.0,1,0,1,25-34
3661,980.0,19,3,Soğuk/Karlı,19.0,3,0,1,25-34
3662,2010.0,19,3,Yağmurlu,22.0,2,0,1,25-34
3663,1850.0,19,3,Bulutlu,10.0,4,0,2,25-34
3664,1300.0,19,3,Güneşli,15.0,2,0,1,25-34
3665,1615.0,19,3,Güneşli,17.0,4,0,2,25-34
3666,4215.0,19,3,Bulutlu,14.0,4,0,2,25-34
3667,1880.0,19,3,Güneşli,25.0,4,0,2,25-34
3668,3530.0,19,3,Yağmurlu,13.0,3,0,1,25-34
3669,2555.0,19,3,Bulutlu,10.0,4,0,2,25-34
3670,3280.0,19,3,Yağmurlu,16.0,5,0,2,25-34
3671,3520.0,19,3,Soğuk/Karlı,13.0,4,0,2,25-34
3672,1980.0,19,3,Bulutlu,13.0,3,0,1,25-34
3673,1370.0,19,3,Yağmurlu,12.0,1,0,1,25-34
3674,1905.0,19,3,Bulutlu,19.0,2,0,1,25-34
3675,2055.0,19,3,Yağmurlu,8.0,3,0,1,25-34
3676,3845.0,19,3,Yağmurlu,11.0,5,0,2,25-34
3677,1520.0,19,3,Bulutlu,18.0,3,0,1,25-34
3678,2280.0,19,3,Yağmurlu,11.0,3,0,1,25-34
3679,2540.0,19,3,Güneşli,11.0,2,0,1,25-34
3680,2260.0,19,3,Yağmurlu,10.0,4,0,2,25-34
3681,2540.0,19,3,Yağmurlu,15.0,2,0,1,25-34
3682,4180.0,19,3,Yağmurlu,16.0,4,0,2,25-34
3683,3690.0,19,3,Soğuk/Karlı,8.0,4,0,2,25-34
3684,2840.0,19,3,Yağmurlu,9.0,3,0,1,25-34
3685,3925.0,19,3,Soğuk/Karlı,14.0,3,0,1,25-34
3686,1990.0,19,3,Bulutlu,15.0,5,0,2,25-34
3687,2760.0,19,3,Bulutlu,21.0,3,0,1,25-34
3688,3120.0,19,3,Güneşli,22.0,5,0,2,25-34
3689,1740.0,19,3,Yağmurlu,11.0,3,0,1,25-34
3690,1995.0,20,3,Soğuk/Karlı,10.0,4,0,2,25-34
3691,1395.0,20,3,Soğuk/Karlı,26.0,2,0,1,25-34
3692,3120.0,20,3,Yağmurlu,20.0,3,0,1,25-34
3693,1460.0,20,3,Güneşli,9.0,4,0,2,25-34
3694,3800.0,20,3,Yağmurlu,16.0,2,0,1,25-34
3695,1245.0,20,3,Güneşli,12.0,4,0,2,25-34
3696,2150.0,20,3,Bulutlu,25.0,4,0,2,25-34
3697,4250.0,20,3,Güneşli,18.0,3,0,1,25-34
3698,3375.0,20,3,Soğuk/Karlı,26.0,2,0,1,25-34
3699,3260.0,20,3,Güneşli,21.0,3,0,1,25-34
3700,1635.0,20,3,Güneşli,26.0,4,0,2,25-34
3701,2085.0,20,3,Soğuk/Karlı,23.0,5,0,2,25-34
3702,4120.0,20,3,Güneşli,17.0,5,0,2,25-34
3703,3725.0,20,3,Yağmurlu,25.0,5,0,2,25-34
3704,2370.0,20,3,Soğuk/Karlı,23.0,3,0,1,25-34
3705,3650.0,20,3,Güneşli,14.0,2,0,1,25-34
3706,2515.0,20,3,Güneşli,23.0,5,0,2,25-34
3707,1230.0,20,3,Bulutlu,15.0,4,0,2,25-34
3708,3060.0,21,3,Bulutlu,21.0,5,0,2,25-34
3709,1950.0,21,3,Soğuk/Karlı,15.0,4,0,2,25-34
3710,1305.0,21,3,Bulutlu,10.0,3,0,1,25-34
3711,1970.0,21,3,Bulutlu,18.0,3,0,1,25-34
3712,2070.0,21,3,Yağmurlu,20.0,4,0,2,25-34
3713,4025.0,21,3,Bulutlu,19.0,5,0,2,25-34
3714,3150.0,21,3,Yağmurlu,21.0,5,0,2,25-34
3715,1860.0,21,3,Yağmurlu,15.0,3,0,1,25-34
3716,4255.0,21,3,Soğuk/Karlı,25.0,4,0,2,25-34
3717,2900.0,21,3,Soğuk/Karlı,15.0,2,0,1,25-34
3718,1900.0,21,3,Bulutlu,14.0,5,0,2,25-34
3719,4275.0,21,3,Yağmurlu,24.0,4,0,2,25-34
3720,3570.0,21,3,Soğuk/Karlı,22.0,4,0,2,25-34
3721,4270.0,21,3,Yağmurlu,24.0,5,0,2,25-34
3722,2445.0,21,3,Soğuk/Karlı,8.0,4,0,2,25-34
3723,3180.0,21,3,Bulutlu,26.0,4,0,2,25-34
3724,3490.0,21,3,Güneşli,18.0,4,0,2,25-34
3725,1860.0,21,3,Bulutlu,20.0,3,0,1,25-34
3726,3300.0,21,3,Güneşli,20.0,2,0,1,25-34
3727,2010.0,21,3,Yağmurlu,26.0,3,0,1,25-34
3728,2485.0,21,3,Bulutlu,9.0,3,0,1,25-34
3729,1590.0,21,3,Yağmurlu,11.0,2,0,1,25-34
3730,1485.0,21,3,Bulutlu,17.0,3,0,1,25-34
3731,3140.0,21,3,Yağmurlu,8.0,4,0,2,25-34
3732,2430.0,21,3,Soğuk/Karlı,11.0,4,0,2,25-34
3733,3180.0,21,3,Bulutlu,17.0,4,0,2,25-34
3734,2640.0,21,3,Yağmurlu,8.0,3,0,1,25-34
3735,2620.0,21,3,Bulutlu,19.0,3,0,1,25-34
3736,1490.0,21,3,Soğuk/Karlı,17.0,3,0,1,25-34
3737,2960.0,21,3,Bulutlu,26.0,2,0,1,25-34
3738,60.0,22,3,Güneşli,18.0,1,0,1,25-34
3739,85.0,22,3,Bulutlu,22.0,1,0,1,25-34
3740,115.0,23,3,Soğuk/Karlı,9.0,1,0,1,25-34
3741,115.0,23,3,Yağmurlu,26.0,1,0,1,25-34
3742,60.0,23,3,Soğuk/Karlı,8.0,1,0,1,25-34
3743,225.0,0,4,Bulutlu,13.0,2,0,1,25-34
3744,185.0,0,4,Güneşli,25.0,2,0,1,25-34
3745,350.0,0,4,Güneşli,24.0,2,0,1,25-34
3746,35.0,1,4,Bulutlu,17.0,1,0,1,25-34
3747,175.0,1,4,Bulutlu,19.0,2,0,1,25-34
3748,370.0,1,4,Yağmurlu,23.0,2,0,1,25-34
3749,245.0,1,4,Güneşli,13.0,2,0,1,25-34
3750,495.0,8,4,Güneşli,13.0,2,0,1,25-34
3751,770.0,8,4,Soğuk/Karlı,11.0,2,0,1,25-34
3752,1005.0,8,4,Güneşli,24.0,2,0,1,25-34
3753,495.0,8,4,Soğuk/Karlı,15.0,2,0,1,25-34
3754,1040.0,8,4,Soğuk/Karlı,15.0,2,0,1,25-34
3755,1005.0,8,4,Soğuk/Karlı,23.0,2,0,1,25-34
3756,630.0,9,4,Soğuk/Karlı,19.0,2,0,1,25-34
3757,700.0,9,4,Soğuk/Karlı,10.0,2,0,1,25-34
3758,735.0,9,4,Güneşli,15.0,2,0,1,25-34
3759,970.0,9,4,Yağmurlu,14.0,2,0,1,25-34
3760,495.0,9,4,Soğuk/Karlı,20.0,2,0,1,25-34
3761,970.0,9,4,Yağmurlu,18.0,2,0,1,25-34
3762,1005.0,9,4,Güneşli,9.0,2,0,1,25-34
3763,530.0,9,4,Soğuk/Karlı,20.0,2,0,1,25-34
3764,1075.0,9,4,Bulutlu,24.0,2,0,1,25-34
3765,770.0,9,4,Soğuk/Karlı,16.0,2,0,1,25-34
3766,1075.0,9,4,Bulutlu,19.0,2,0,1,25-34
3767,630.0,10,4,Güneşli,20.0,2,0,1,25-34
3768,495.0,10,4,Bulutlu,17.0,2,0,1,25-34
3769,1110.0,10,4,Bulutlu,11.0,2,0,1,25-34
3770,970.0,10,4,Güneşli,12.0,2,0,1,25-34
3771,1040.0,10,4,Güneşli,25.0,2,0,1,25-34
3772,425.0,10,4,Yağmurlu,12.0,2,0,1,25-34
3773,735.0,10,4,Bulutlu,13.0,2,0,1,25-34
3774,770.0,10,4,Güneşli,15.0,2,0,1,25-34
3775,1110.0,10,4,Soğuk/Karlı,23.0,2,0,1,25-34
3776,65.0,11,4,Bulutlu,13.0,1,0,1,25-34
3777,370.0,11,4,Güneşli,22.0,2,0,1,25-34
3778,290.0,11,4,Güneşli,8.0,2,0,1,25-34
3779,75.0,11,4,Soğuk/Karlı,25.0,1,0,1,25-34
3780,465.0,12,4,Güneşli,26.0,2,0,1,25-34
3781,535.0,12,4,Soğuk/Karlı,8.0,3,0,1,25-34
3782,585.0,12,4,Güneşli,8.0,3,0,1,25-34
3783,325.0,12,4,Soğuk/Karlı,11.0,2,0,1,25-34
3784,585.0,12,4,Yağmurlu,18.0,3,0,1,25-34
3785,325.0,12,4,Soğuk/Karlı,23.0,2,0,1,25-34
3786,535.0,12,4,Bulutlu,13.0,3,0,1,25-34
3787,325.0,12,4,Güneşli,9.0,2,0,1,25-34
3788,535.0,12,4,Yağmurlu,17.0,3,0,1,25-34
3789,585.0,12,4,Soğuk/Karlı,16.0,3,0,1,25-34
3790,495.0,12,4,Yağmurlu,23.0,3,0,1,25-34
3791,465.0,12,4,Yağmurlu,19.0,2,0,1,25-34
3792,340.0,12,4,Güneşli,19.0,2,0,1,25-34
3793,340.0,12,4,Güneşli,17.0,2,0,1,25-34
3794,455.0,12,4,Yağmurlu,17.0,3,0,1,25-34
3795,355.0,12,4,Yağmurlu,13.0,2,0,1,25-34
3796,375.0,12,4,Yağmurlu,9.0,2,0,1,25-34
3797,465.0,12,4,Soğuk/Karlı,15.0,2,0,1,25-34
3798,495.0,12,4,Yağmurlu,17.0,3,0,1,25-34
3799,585.0,12,4,Güneşli,12.0,3,0,1,25-34
3800,375.0,12,4,Güneşli,25.0,2,0,1,25-34
3801,585.0,12,4,Soğuk/Karlı,16.0,3,0,1,25-34
3802,535.0,12,4,Soğuk/Karlı,20.0,3,0,1,25-34
3803,375.0,12,4,Bulutlu,8.0,2,0,1,25-34
3804,495.0,13,4,Güneşli,8.0,3,0,1,25-34
3805,585.0,13,4,Güneşli,10.0,3,0,1,25-34
3806,585.0,13,4,Güneşli,18.0,3,0,1,25-34
3807,455.0,13,4,Yağmurlu,22.0,3,0,1,25-34
3808,535.0,13,4,Soğuk/Karlı,24.0,3,0,1,25-34
3809,455.0,13,4,Soğuk/Karlı,13.0,3,0,1,25-34
3810,325.0,13,4,Bulutlu,15.0,2,0,1,25-34
3811,445.0,13,4,Bulutlu,26.0,2,0,1,25-34
3812,355.0,13,4,Soğuk/Karlı,24.0,2,0,1,25-34
3813,325.0,13,4,Bulutlu,12.0,2,0,1,25-34
3814,340.0,13,4,Soğuk/Karlı,21.0,2,0,1,25-34
3815,465.0,13,4,Bulutlu,9.0,2,0,1,25-34
3816,355.0,13,4,Yağmurlu,21.0,2,0,1,25-34
3817,340.0,13,4,Yağmurlu,14.0,2,0,1,25-34
3818,375.0,13,4,Bulutlu,26.0,2,0,1,25-34
3819,495.0,13,4,Yağmurlu,12.0,3,0,1,25-34
3820,355.0,13,4,Bulutlu,11.0,2,0,1,25-34
3821,355.0,13,4,Bulutlu,23.0,2,0,1,25-34
3822,535.0,13,4,Yağmurlu,18.0,3,0,1,25-34
3823,445.0,13,4,Güneşli,21.0,2,0,1,25-34
3824,465.0,13,4,Soğuk/Karlı,15.0,2,0,1,25-34
3825,535.0,13,4,Bulutlu,16.0,3,0,1,25-34
3826,45.0,14,4,Yağmurlu,9.0,1,0,1,25-34
3827,340.0,14,4,Yağmurlu,24.0,2,0,1,25-34
3828,140.0,14,4,Bulutlu,22.0,2,0,1,25-34
3829,275.0,14,4,Güneşli,20.0,2,0,1,25-34
3830,65.0,15,4,Soğuk/Karlı,25.0,1,0,1,25-34
3831,115.0,15,4,Yağmurlu,17.0,1,0,1,25-34
3832,270.0,15,4,Güneşli,13.0,2,0,1,25-34
3833,75.0,16,4,Soğuk/Karlı,14.0,1,0,1,25-34
3834,35.0,16,4,Bulutlu,18.0,1,0,1,25-34
3835,130.0,16,4,Soğuk/Karlı,8.0,1,0,1,25-34
3836,240.0,16,4,Bulutlu,10.0,2,0,1,25-34
3837,75.0,17,4,Soğuk/Karlı,23.0,1,0,1,25-34
3838,75.0,18,4,Bulutlu,15.0,1,0,1,25-34
3839,1250.0,19,4,Soğuk/Karlı,11.0,2,0,1,25-34
3840,1240.0,19,4,Soğuk/Karlı,26.0,3,0,1,25-34
3841,2595.0,19,4,Bulutlu,10.0,3,0,1,25-34
3842,1160.0,19,4,Bulutlu,12.0,3,0,1,25-34
3843,2760.0,19,4,Yağmurlu,13.0,4,0,2,25-34
3844,1070.0,19,4,Bulutlu,13.0,1,0,1,25-34
3845,1635.0,19,4,Güneşli,19.0,4,0,2,25-34
3846,1420.0,19,4,Yağmurlu,20.0,4,0,2,25-34
3847,1800.0,19,4,Bulutlu,26.0,3,0,1,25-34
3848,1720.0,19,4,Yağmurlu,23.0,5,0,2,25-34
3849,2840.0,19,4,Bulutlu,19.0,3,0,1,25-34
3850,1590.0,19,4,Soğuk/Karlı,15.0,4,0,2,25-34
3851,2520.0,19,4,Güneşli,11.0,4,0,2,25-34
3852,2165.0,19,4,Bulutlu,11.0,3,0,1,25-34
3853,1630.0,19,4,Yağmurlu,14.0,3,0,1,25-34
3854,2195.0,19,4,Yağmurlu,8.0,5,0,2,25-34
3855,2500.0,19,4,Güneşli,8.0,3,0,1,25-34
3856,2550.0,19,4,Güneşli,17.0,4,0,2,25-34
3857,1610.0,19,4,Soğuk/Karlı,12.0,3,0,1,25-34
3858,3000.0,19,4,Bulutlu,18.0,2,0,1,25-34
3859,2880.0,19,4,Güneşli,23.0,4,0,2,25-34
3860,2800.0,19,4,Güneşli,18.0,2,0,1,25-34
3861,2310.0,20,4,Yağmurlu,18.0,4,0,2,25-34
3862,2660.0,20,4,Soğuk/Karlı,9.0,3,0,1,25-34
3863,2540.0,20,4,Soğuk/Karlı,21.0,3,0,1,25-34
3864,3660.0,20,4,Bulutlu,19.0,4,0,2,25-34
3865,3245.0,20,4,Bulutlu,25.0,4,0,2,25-34
3866,3665.0,20,4,Soğuk/Karlı,25.0,4,0,2,25-34
3867,1320.0,20,4,Soğuk/Karlı,11.0,3,0,1,25-34
3868,2730.0,20,4,Yağmurlu,22.0,4,0,2,25-34
3869,3465.0,20,4,Soğuk/Karlı,13.0,3,0,1,25-34
3870,3000.0,20,4,Güneşli,19.0,3,0,1,25-34
3871,2510.0,20,4,Yağmurlu,23.0,4,0,2,25-34
3872,4680.0,20,4,Bulutlu,22.0,4,0,2,25-34
3873,3530.0,20,4,Soğuk/Karlı,15.0,4,0,2,25-34
3874,2070.0,20,4,Yağmurlu,20.0,4,0,2,25-34
3875,1770.0,20,4,Soğuk/Karlı,16.0,3,0,1,25-34
3876,3170.0,20,4,Bulutlu,18.0,3,0,1,25-34
3877,3065.0,20,4,Soğuk/Karlı,14.0,5,0,2,25-34
3878,2220.0,20,4,Soğuk/Karlı,15.0,3,0,1,25-34
3879,1670.0,20,4,Bulutlu,23.0,3,0,1,25-34
3880,1725.0,20,4,Güneşli,16.0,2,0,1,25-34
3881,3520.0,20,4,Soğuk/Karlı,12.0,4,0,2,25-34
3882,1050.0,21,4,Yağmurlu,10.0,3,0,1,25-34
3883,2805.0,21,4,Güneşli,12.0,3,0,1,25-34
3884,2125.0,21,4,Yağmurlu,10.0,3,0,1,25-34
3885,3555.0,21,4,Güneşli,23.0,5,0,2,25-34
3886,1730.0,21,4,Bulutlu,16.0,3,0,1,25-34
3887,2475.0,21,4,Soğuk/Karlı,25.0,2,0,1,25-34
3888,3190.0,21,4,Güneşli,13.0,5,0,2,25-34
3889,3030.0,21,4,Soğuk/Karlı,19.0,5,0,2,25-34
3890,1980.0,21,4,Yağmurlu,18.0,4,0,2,25-34
3891,1510.0,21,4,Bulutlu,20.0,2,0,1,25-34
3892,4330.0,21,4,Soğuk/Karlı,16.0,4,0,2,25-34
3893,1260.0,21,4,Yağmurlu,24.0,4,0,2,25-34
3894,2420.0,21,4,Soğuk/Karlı,26.0,3,0,1,25-34
3895,3800.0,21,4,Soğuk/Karlı,21.0,5,0,2,25-34
3896,3200.0,21,4,Soğuk/Karlı,25.0,3,0,1,25-34
3897,1440.0,21,4,Soğuk/Karlı,22.0,3,0,1,25-34
3898,2920.0,21,4,Yağmurlu,15.0,2,0,1,25-34
3899,1980.0,21,4,Güneşli,18.0,4,0,2,25-34
3900,2595.0,21,4,Güneşli,23.0,5,0,2,25-34
3901,3700.0,21,4,Soğuk/Karlı,19.0,5,0,2,25-34
3902,1980.0,21,4,Soğuk/Karlı,13.0,3,0,1,25-34
3903,2490.0,21,4,Yağmurlu,15.0,2,0,1,25-34
3904,1470.0,21,4,Bulutlu,10.0,3,0,1,25-34
3905,65.0,22,4,Güneşli,18.0,1,0,1,25-34
3906,260.0,22,4,Bulutlu,17.0,2,0,1,25-34
3907,60.0,22,4,Soğuk/Karlı,25.0,1,0,1,25-34
3908,275.0,23,4,Soğuk/Karlı,22.0,2,0,1,25-34
3909,45.0,23,4,Yağmurlu,18.0,1,0,1,25-34
3910,65.0,23,4,Yağmurlu,19.0,1,0,1,25-34
3911,325.0,0,5,Yağmurlu,18.0,2,0,1,25-34
3912,35.0,1,5,Soğuk/Karlı,11.0,1,0,1,25-34
3913,530.0,8,5,Soğuk/Karlı,22.0,2,0,1,25-34
3914,700.0,8,5,Bulutlu,23.0,2,0,1,25-34
3915,1005.0,8,5,Yağmurlu,8.0,2,0,1,25-34
3916,530.0,8,5,Bulutlu,8.0,2,0,1,25-34
3917,735.0,8,5,Yağmurlu,16.0,2,0,1,25-34
3918,1005.0,8,5,Bulutlu,17.0,2,0,1,25-34
3919,1075.0,8,5,Güneşli,11.0,2,0,1,25-34
3920,495.0,9,5,Soğuk/Karlı,20.0,2,0,1,25-34
3921,630.0,9,5,Güneşli,16.0,2,0,1,25-34
3922,970.0,9,5,Güneşli,9.0,2,0,1,25-34
3923,770.0,9,5,Bulutlu,24.0,2,0,1,25-34
3924,700.0,9,5,Soğuk/Karlı,13.0,2,0,1,25-34
3925,970.0,9,5,Soğuk/Karlı,8.0,2,0,1,25-34
3926,770.0,9,5,Güneşli,23.0,2,0,1,25-34
3927,460.0,10,5,Güneşli,16.0,2,0,1,25-34
3928,530.0,10,5,Yağmurlu,24.0,2,0,1,25-34
3929,630.0,10,5,Soğuk/Karlı,21.0,2,0,1,25-34
3930,735.0,10,5,Güneşli,10.0,2,0,1,25-34
3931,630.0,10,5,Güneşli,17.0,2,0,1,25-34
3932,735.0,10,5,Yağmurlu,24.0,2,0,1,25-34
3933,665.0,10,5,Güneşli,16.0,2,0,1,25-34
3934,460.0,10,5,Güneşli,9.0,2,0,1,25-34
3935,1040.0,10,5,Yağmurlu,16.0,2,0,1,25-34
3936,75.0,11,5,Yağmurlu,19.0,1,0,1,25-34
3937,325.0,11,5,Soğuk/Karlı,25.0,2,0,1,25-34
3938,65.0,11,5,Soğuk/Karlı,18.0,1,0,1,25-34
3939,295.0,11,5,Yağmurlu,25.0,2,0,1,25-34
3940,445.0,12,5,Yağmurlu,9.0,2,0,1,25-34
3941,495.0,12,5,Bulutlu,15.0,3,0,1,25-34
3942,495.0,12,5,Güneşli,23.0,3,0,1,25-34
3943,395.0,12,5,Bulutlu,24.0,2,0,1,25-34
3944,535.0,12,5,Bulutlu,25.0,3,0,1,25-34
3945,325.0,12,5,Bulutlu,23.0,2,0,1,25-34
3946,495.0,12,5,Yağmurlu,20.0,3,0,1,25-34
3947,585.0,12,5,Bulutlu,18.0,3,0,1,25-34
3948,585.0,12,5,Yağmurlu,17.0,3,0,1,25-34
3949,495.0,12,5,Güneşli,10.0,3,0,1,25-34
3950,495.0,12,5,Soğuk/Karlı,15.0,3,0,1,25-34
3951,325.0,12,5,Bulutlu,18.0,2,0,1,25-34
3952,355.0,13,5,Bulutlu,12.0,2,0,1,25-34
3953,585.0,13,5,Soğuk/Karlı,20.0,3,0,1,25-34
3954,340.0,13,5,Yağmurlu,8.0,2,0,1,25-34
3955,325.0,13,5,Soğuk/Karlı,25.0,2,0,1,25-34
3956,355.0,13,5,Bulutlu,18.0,2,0,1,25-34
3957,535.0,13,5,Güneşli,20.0,3,0,1,25-34
3958,455.0,13,5,Soğuk/Karlı,15.0,3,0,1,25-34
3959,395.0,13,5,Yağmurlu,9.0,2,0,1,25-34
3960,455.0,13,5,Yağmurlu,11.0,3,0,1,25-34
3961,585.0,13,5,Güneşli,10.0,3,0,1,25-34
3962,445.0,13,5,Yağmurlu,11.0,2,0,1,25-34
3963,340.0,13,5,Soğuk/Karlı,24.0,2,0,1,25-34
3964,340.0,13,5,Soğuk/Karlı,25.0,2,0,1,25-34
3965,455.0,13,5,Soğuk/Karlı,25.0,3,0,1,25-34
3966,325.0,13,5,Bulutlu,18.0,2,0,1,25-34
3967,340.0,13,5,Soğuk/Karlı,19.0,2,0,1,25-34
3968,325.0,13,5,Bulutlu,24.0,2,0,1,25-34
3969,495.0,13,5,Bulutlu,25.0,3,0,1,25-34
3970,445.0,13,5,Bulutlu,13.0,2,0,1,25-34
3971,115.0,14,5,Yağmurlu,16.0,1,0,1,25-34
3972,35.0,14,5,Güneşli,26.0,1,0,1,25-34
3973,265.0,15,5,Güneşli,15.0,2,0,1,25-34
3974,220.0,15,5,Bulutlu,24.0,2,0,1,25-34
3975,210.0,16,5,Güneşli,26.0,2,0,1,25-34
3976,85.0,16,5,Bulutlu,17.0,1,0,1,25-34
3977,65.0,16,5,Güneşli,23.0,1,0,1,25-34
3978,35.0,17,5,Güneşli,23.0,1,0,1,25-34
3979,130.0,17,5,Güneşli,8.0,1,0,1,25-34
3980,130.0,17,5,Soğuk/Karlı,8.0,2,0,1,25-34
3981,200.0,17,5,Bulutlu,21.0,2,0,1,25-34
3982,220.0,18,5,Güneşli,26.0,2,0,1,25-34
3983,60.0,18,5,Bulutlu,25.0,1,0,1,25-34
3984,115.0,18,5,Bulutlu,24.0,1,0,1,25-34
3985,3155.0,19,5,Soğuk/Karlı,20.0,2,0,1,25-34
3986,3050.0,19,5,Bulutlu,18.0,5,0,2,25-34
3987,2800.0,19,5,Güneşli,13.0,3,0,1,25-34
3988,2750.0,19,5,Yağmurlu,26.0,3,0,1,25-34
3989,2660.0,19,5,Güneşli,21.0,3,0,1,25-34
3990,2145.0,19,5,Bulutlu,8.0,3,0,1,25-34
3991,2970.0,19,5,Güneşli,19.0,4,0,2,25-34
3992,1665.0,19,5,Soğuk/Karlı,15.0,3,0,1,25-34
3993,2560.0,19,5,Soğuk/Karlı,21.0,4,0,2,25-34
3994,2310.0,19,5,Bulutlu,21.0,3,0,1,25-34
3995,1910.0,19,5,Güneşli,22.0,3,0,1,25-34
3996,3200.0,19,5,Bulutlu,14.0,3,0,1,25-34
3997,2280.0,19,5,Güneşli,18.0,5,0,2,25-34
3998,2160.0,19,5,Bulutlu,21.0,4,0,2,25-34
3999,3105.0,19,5,Soğuk/Karlı,10.0,4,0,2,25-34
4000,2660.0,19,5,Güneşli,17.0,4,0,2,25-34
4001,3140.0,19,5,Güneşli,13.0,4,0,2,25-34
4002,2580.0,19,5,Yağmurlu,25.0,4,0,2,25-34
4003,1620.0,19,5,Güneşli,9.0,2,0,1,25-34
4004,2025.0,19,5,Bulutlu,17.0,4,0,2,25-34
4005,2190.0,19,5,Güneşli,19.0,3,0,1,25-34
4006,1500.0,19,5,Yağmurlu,15.0,4,0,2,25-34
4007,3200.0,19,5,Soğuk/Karlı,15.0,2,0,1,25-34
4008,1840.0,19,5,Soğuk/Karlı,17.0,5,0,2,25-34
4009,3990.0,19,5,Yağmurlu,15.0,4,0,2,25-34
4010,2540.0,19,5,Güneşli,10.0,5,0,2,25-34
4011,2865.0,19,5,Güneşli,21.0,3,0,1,25-34
4012,1330.0,19,5,Bulutlu,19.0,3,0,1,25-34
4013,3580.0,19,5,Soğuk/Karlı,17.0,4,0,2,25-34
4014,2680.0,19,5,Bulutlu,15.0,4,0,2,25-34
4015,1670.0,19,5,Bulutlu,22.0,4,0,2,25-34
4016,1870.0,19,5,Güneşli,13.0,4,0,2,25-34
4017,2090.0,19,5,Soğuk/Karlı,13.0,4,0,2,25-34
4018,2220.0,19,5,Yağmurlu,22.0,5,0,2,25-34
4019,2055.0,19,5,Bulutlu,13.0,3,0,1,25-34
4020,2170.0,20,5,Güneşli,9.0,3,0,1,25-34
4021,2845.0,20,5,Soğuk/Karlı,17.0,4,0,2,25-34
4022,3440.0,20,5,Yağmurlu,15.0,5,0,2,25-34
4023,2070.0,20,5,Yağmurlu,10.0,2,0,1,25-34
4024,3375.0,20,5,Güneşli,17.0,5,0,2,25-34
4025,1630.0,20,5,Bulutlu,8.0,2,0,1,25-34
4026,2945.0,20,5,Soğuk/Karlı,16.0,4,0,2,25-34
4027,2730.0,20,5,Soğuk/Karlı,19.0,3,0,1,25-34
4028,3470.0,20,5,Soğuk/Karlı,24.0,4,0,2,25-34
4029,2715.0,20,5,Bulutlu,8.0,4,0,2,25-34
4030,2250.0,20,5,Güneşli,12.0,3,0,1,25-34
4031,3605.0,20,5,Yağmurlu,15.0,3,0,1,25-34
4032,3085.0,20,5,Güneşli,22.0,4,0,2,25-34
4033,3120.0,20,5,Soğuk/Karlı,8.0,3,0,1,25-34
4034,2070.0,20,5,Bulutlu,10.0,3,0,1,25-34
4035,2375.0,20,5,Bulutlu,21.0,4,0,2,25-34
4036,3220.0,20,5,Yağmurlu,26.0,5,0,2,25-34
4037,2900.0,20,5,Güneşli,18.0,4,0,2,25-34
4038,1860.0,20,5,Bulutlu,18.0,4,0,2,25-34
4039,1460.0,20,5,Güneşli,22.0,2,0,1,25-34
4040,1030.0,20,5,Bulutlu,17.0,2,0,1,25-34
4041,1820.0,20,5,Güneşli,24.0,4,0,2,25-34
4042,3775.0,20,5,Bulutlu,24.0,3,0,1,25-34
4043,2680.0,20,5,Güneşli,22.0,4,0,2,25-34
4044,3680.0,20,5,Güneşli,26.0,4,0,2,25-34
4045,1780.0,20,5,Yağmurlu,14.0,5,0,2,25-34
4046,3400.0,21,5,Bulutlu,12.0,5,0,2,25-34
4047,1505.0,21,5,Soğuk/Karlı,10.0,4,0,2,25-34
4048,2550.0,21,5,Güneşli,8.0,5,0,2,25-34
4049,2640.0,21,5,Güneşli,11.0,5,0,2,25-34
4050,1810.0,21,5,Bulutlu,22.0,2,0,1,25-34
4051,1765.0,21,5,Bulutlu,8.0,4,0,2,25-34
4052,2520.0,21,5,Yağmurlu,26.0,2,0,1,25-34
4053,3515.0,21,5,Yağmurlu,19.0,3,0,1,25-34
4054,2600.0,21,5,Yağmurlu,24.0,4,0,2,25-34
4055,950.0,21,5,Bulutlu,11.0,2,0,1,25-34
4056,2100.0,21,5,Yağmurlu,19.0,5,0,2,25-34
4057,1910.0,21,5,Bulutlu,10.0,4,0,2,25-34
4058,3360.0,21,5,Güneşli,16.0,5,0,2,25-34
4059,2620.0,21,5,Bulutlu,10.0,4,0,2,25-34
4060,1310.0,21,5,Yağmurlu,12.0,2,0,1,25-34
4061,2195.0,21,5,Yağmurlu,23.0,5,0,2,25-34
4062,1565.0,21,5,Soğuk/Karlı,8.0,5,0,2,25-34
4063,4220.0,21,5,Güneşli,8.0,4,0,2,25-34
4064,1455.0,21,5,Güneşli,12.0,3,0,1,25-34
4065,1840.0,21,5,Soğuk/Karlı,21.0,4,0,2,25-34
4066,1200.0,21,5,Güneşli,23.0,3,0,1,25-34
4067,1200.0,21,5,Yağmurlu,22.0,3,0,1,25-34
4068,2875.0,21,5,Bulutlu,24.0,5,0,2,25-34
4069,3710.0,21,5,Soğuk/Karlı,24.0,3,0,1,25-34
4070,3045.0,21,5,Yağmurlu,14.0,3,0,1,25-34
4071,2460.0,21,5,Güneşli,20.0,4,0,2,25-34
4072,1970.0,21,5,Soğuk/Karlı,9.0,4,0,2,25-34
4073,3700.0,21,5,Yağmurlu,10.0,5,0,2,25-34
4074,35.0,22,5,Soğuk/Karlı,10.0,1,0,1,25-34
4075,170.0,22,5,Güneşli,13.0,2,0,1,25-34
4076,45.0,23,5,Soğuk/Karlı,12.0,1,0,1,25-34
4077,280.0,0,6,Soğuk/Karlı,22.0,2,1,1,25-34
4078,65.0,0,6,Yağmurlu,8.0,1,1,1,25-34
4079,130.0,0,6,Bulutlu,19.0,1,1,1,25-34
4080,255.0,0,6,Yağmurlu,22.0,2,1,1,25-34
4081,285.0,1,6,Soğuk/Karlı,21.0,2,1,1,25-34
4082,35.0,1,6,Yağmurlu,24.0,1,1,1,25-34
4083,1075.0,8,6,Yağmurlu,8.0,2,1,1,25-34
4084,495.0,8,6,Soğuk/Karlı,8.0,2,1,1,25-34
4085,460.0,8,6,Güneşli,18.0,2,1,1,25-34
4086,1005.0,8,6,Yağmurlu,13.0,2,1,1,25-34
4087,700.0,8,6,Bulutlu,8.0,2,1,1,25-34
4088,460.0,8,6,Bulutlu,23.0,2,1,1,25-34
4089,700.0,8,6,Güneşli,23.0,2,1,1,25-34
4090,1005.0,8,6,Güneşli,15.0,2,1,1,25-34
4091,700.0,8,6,Yağmurlu,26.0,2,1,1,25-34
4092,1040.0,9,6,Güneşli,22.0,2,1,1,25-34
4093,700.0,9,6,Yağmurlu,14.0,2,1,1,25-34
4094,735.0,9,6,Yağmurlu,17.0,2,1,1,25-34
4095,1110.0,9,6,Bulutlu,21.0,2,1,1,25-34
4096,530.0,9,6,Bulutlu,14.0,2,1,1,25-34
4097,1110.0,9,6,Güneşli,22.0,2,1,1,25-34
4098,630.0,9,6,Soğuk/Karlı,24.0,2,1,1,25-34
4099,1005.0,9,6,Bulutlu,11.0,2,1,1,25-34
4100,425.0,10,6,Güneşli,24.0,2,1,1,25-34
4101,630.0,10,6,Yağmurlu,22.0,2,1,1,25-34
4102,1005.0,10,6,Yağmurlu,19.0,2,1,1,25-34
4103,735.0,10,6,Soğuk/Karlı,10.0,2,1,1,25-34
4104,665.0,10,6,Bulutlu,22.0,2,1,1,25-34
4105,735.0,10,6,Bulutlu,23.0,2,1,1,25-34
4106,215.0,11,6,Yağmurlu,22.0,2,1,1,25-34
4107,60.0,11,6,Güneşli,8.0,1,1,1,25-34
4108,535.0,12,6,Soğuk/Karlı,23.0,3,1,1,25-34
4109,395.0,12,6,Bulutlu,22.0,2,1,1,25-34
4110,455.0,12,6,Soğuk/Karlı,9.0,3,1,1,25-34
4111,455.0,12,6,Güneşli,10.0,3,1,1,25-34
4112,325.0,12,6,Yağmurlu,23.0,2,1,1,25-34
4113,325.0,12,6,Güneşli,25.0,2,1,1,25-34
4114,395.0,12,6,Soğuk/Karlı,9.0,2,1,1,25-34
4115,375.0,12,6,Soğuk/Karlı,26.0,2,1,1,25-34
4116,325.0,12,6,Güneşli,14.0,2,1,1,25-34
4117,375.0,12,6,Bulutlu,22.0,2,1,1,25-34
4118,445.0,12,6,Yağmurlu,15.0,2,1,1,25-34
4119,445.0,12,6,Soğuk/Karlı,25.0,2,1,1,25-34
4120,455.0,12,6,Bulutlu,13.0,3,1,1,25-34
4121,375.0,12,6,Bulutlu,11.0,2,1,1,25-34
4122,355.0,12,6,Güneşli,9.0,2,1,1,25-34
4123,465.0,12,6,Yağmurlu,10.0,2,1,1,25-34
4124,355.0,12,6,Güneşli,24.0,2,1,1,25-34
4125,495.0,12,6,Bulutlu,17.0,3,1,1,25-34
4126,325.0,12,6,Bulutlu,13.0,2,1,1,25-34
4127,535.0,12,6,Bulutlu,21.0,3,1,1,25-34
4128,355.0,13,6,Soğuk/Karlı,15.0,2,1,1,25-34
4129,585.0,13,6,Bulutlu,22.0,3,1,1,25-34
4130,375.0,13,6,Yağmurlu,14.0,2,1,1,25-34
4131,445.0,13,6,Soğuk/Karlı,16.0,2,1,1,25-34
4132,325.0,13,6,Güneşli,14.0,2,1,1,25-34
4133,355.0,13,6,Bulutlu,16.0,2,1,1,25-34
4134,495.0,13,6,Bulutlu,8.0,3,1,1,25-34
4135,455.0,13,6,Bulutlu,24.0,3,1,1,25-34
4136,465.0,13,6,Güneşli,15.0,2,1,1,25-34
4137,445.0,13,6,Soğuk/Karlı,10.0,2,1,1,25-34
4138,395.0,13,6,Güneşli,23.0,2,1,1,25-34
4139,455.0,13,6,Bulutlu,16.0,3,1,1,25-34
4140,340.0,13,6,Bulutlu,20.0,2,1,1,25-34
4141,455.0,13,6,Soğuk/Karlı,12.0,3,1,1,25-34
4142,585.0,13,6,Yağmurlu,13.0,3,1,1,25-34
4143,445.0,13,6,Bulutlu,22.0,2,1,1,25-34
4144,535.0,13,6,Yağmurlu,8.0,3,1,1,25-34
4145,445.0,13,6,Güneşli,23.0,2,1,1,25-34
4146,585.0,13,6,Bulutlu,22.0,3,1,1,25-34
4147,585.0,13,6,Soğuk/Karlı,13.0,3,1,1,25-34
4148,340.0,13,6,Yağmurlu,25.0,2,1,1,25-34
4149,115.0,14,6,Güneşli,8.0,1,1,1,25-34
4150,155.0,14,6,Güneşli,18.0,2,1,1,25-34
4151,85.0,14,6,Soğuk/Karlı,24.0,1,1,1,25-34
4152,35.0,15,6,Yağmurlu,19.0,1,1,1,25-34
4153,65.0,15,6,Soğuk/Karlı,12.0,1,1,1,25-34
4154,35.0,15,6,Soğuk/Karlı,12.0,1,1,1,25-34
4155,235.0,15,6,Bulutlu,11.0,2,1,1,25-34
4156,45.0,16,6,Bulutlu,23.0,1,1,1,25-34
4157,270.0,16,6,Bulutlu,22.0,2,1,1,25-34
4158,65.0,16,6,Soğuk/Karlı,12.0,1,1,1,25-34
4159,130.0,17,6,Güneşli,21.0,2,1,1,25-34
4160,220.0,17,6,Güneşli,9.0,2,1,1,25-34
4161,75.0,18,6,Bulutlu,8.0,1,1,1,25-34
4162,85.0,18,6,Güneşli,25.0,1,1,1,25-34
4163,190.0,18,6,Bulutlu,15.0,2,1,1,25-34
4164,85.0,18,6,Güneşli,26.0,1,1,1,25-34
4165,3665.0,19,6,Bulutlu,8.0,3,1,1,25-34
4166,2825.0,19,6,Bulutlu,16.0,3,1,1,25-34
4167,2925.0,19,6,Yağmurlu,8.0,4,1,2,25-34
4168,4400.0,19,6,Bulutlu,15.0,5,1,2,25-34
4169,2730.0,19,6,Güneşli,15.0,5,1,2,25-34
4170,2850.0,19,6,Güneşli,9.0,5,1,2,25-34
4171,3000.0,19,6,Güneşli,17.0,3,1,1,25-34
4172,2825.0,19,6,Güneşli,22.0,4,1,2,25-34
4173,3570.0,19,6,Güneşli,22.0,3,1,1,25-34
4174,3110.0,19,6,Soğuk/Karlı,14.0,5,1,2,25-34
4175,1640.0,19,6,Yağmurlu,24.0,3,1,1,25-34
4176,3665.0,19,6,Bulutlu,22.0,3,1,1,25-34
4177,1515.0,19,6,Bulutlu,14.0,3,1,1,25-34
4178,2920.0,19,6,Güneşli,19.0,3,1,1,25-34
4179,2265.0,19,6,Soğuk/Karlı,13.0,3,1,1,25-34
4180,3845.0,19,6,Bulutlu,20.0,4,1,2,25-34
4181,3000.0,19,6,Yağmurlu,22.0,4,1,2,25-34
4182,3020.0,19,6,Yağmurlu,11.0,4,1,2,25-34
4183,2480.0,19,6,Güneşli,14.0,4,1,2,25-34
4184,1660.0,19,6,Güneşli,15.0,4,1,2,25-34
4185,2270.0,19,6,Yağmurlu,16.0,5,1,2,25-34
4186,3985.0,19,6,Soğuk/Karlı,22.0,5,1,2,25-34
4187,2355.0,19,6,Güneşli,15.0,3,1,1,25-34
4188,1620.0,19,6,Bulutlu,22.0,4,1,2,25-34
4189,3305.0,19,6,Güneşli,8.0,4,1,2,25-34
4190,2550.0,19,6,Bulutlu,14.0,3,1,1,25-34
4191,3070.0,19,6,Yağmurlu,22.0,4,1,2,25-34
4192,3360.0,20,6,Bulutlu,16.0,4,1,2,25-34
4193,2670.0,20,6,Yağmurlu,13.0,4,1,2,25-34
4194,1680.0,20,6,Bulutlu,14.0,4,1,2,25-34
4195,3340.0,20,6,Güneşli,19.0,3,1,1,25-34
4196,1650.0,20,6,Soğuk/Karlı,14.0,3,1,1,25-34
4197,4330.0,20,6,Soğuk/Karlı,20.0,5,1,2,25-34
4198,3395.0,20,6,Yağmurlu,24.0,2,1,1,25-34
4199,1730.0,20,6,Yağmurlu,8.0,3,1,1,25-34
4200,3160.0,20,6,Güneşli,21.0,3,1,1,25-34
4201,3590.0,20,6,Soğuk/Karlı,16.0,3,1,1,25-34
4202,4510.0,20,6,Bulutlu,26.0,5,1,2,25-34
4203,3350.0,20,6,Güneşli,15.0,2,1,1,25-34
4204,3865.0,20,6,Soğuk/Karlı,8.0,5,1,2,25-34
4205,1920.0,20,6,Bulutlu,9.0,2,1,1,25-34
4206,4090.0,20,6,Soğuk/Karlı,26.0,4,1,2,25-34
4207,1845.0,20,6,Bulutlu,18.0,2,1,1,25-34
4208,3465.0,20,6,Yağmurlu,11.0,3,1,1,25-34
4209,2690.0,20,6,Yağmurlu,13.0,4,1,2,25-34
4210,2825.0,20,6,Bulutlu,22.0,5,1,2,25-34
4211,2430.0,20,6,Yağmurlu,21.0,4,1,2,25-34
4212,3120.0,20,6,Güneşli,18.0,3,1,1,25-34
4213,2765.0,20,6,Bulutlu,25.0,5,1,2,25-34
4214,2830.0,20,6,Bulutlu,16.0,5,1,2,25-34
4215,1450.0,20,6,Soğuk/Karlı,21.0,2,1,1,25-34
4216,3720.0,20,6,Soğuk/Karlı,10.0,5,1,2,25-34
4217,2550.0,20,6,Güneşli,19.0,3,1,1,25-34
4218,3740.0,20,6,Güneşli,25.0,4,1,2,25-34
4219,2620.0,20,6,Soğuk/Karlı,19.0,3,1,1,25-34
4220,1530.0,20,6,Bulutlu,10.0,4,1,2,25-34
4221,4495.0,21,6,Güneşli,12.0,5,1,2,25-34
4222,1620.0,21,6,Güneşli,17.0,2,1,1,25-34
4223,3640.0,21,6,Yağmurlu,16.0,5,1,2,25-34
4224,2800.0,21,6,Yağmurlu,12.0,2,1,1,25-34
4225,3665.0,21,6,Yağmurlu,8.0,3,1,1,25-34
4226,4565.0,21,6,Yağmurlu,22.0,3,1,1,25-34
4227,3405.0,21,6,Soğuk/Karlı,11.0,3,1,1,25-34
4228,2220.0,21,6,Yağmurlu,10.0,3,1,1,25-34
4229,1770.0,21,6,Yağmurlu,17.0,5,1,2,25-34
4230,2790.0,21,6,Güneşli,21.0,4,1,2,25-34
4231,2965.0,21,6,Güneşli,22.0,3,1,1,25-34
4232,2560.0,21,6,Soğuk/Karlı,12.0,3,1,1,25-34
4233,1840.0,21,6,Soğuk/Karlı,18.0,4,1,2,25-34
4234,2440.0,21,6,Yağmurlu,24.0,3,1,1,25-34
4235,3640.0,21,6,Soğuk/Karlı,14.0,4,1,2,25-34
4236,2860.0,21,6,Güneşli,23.0,3,1,1,25-34
4237,2160.0,21,6,Güneşli,13.0,4,1,2,25-34
4238,2900.0,21,6,Soğuk/Karlı,9.0,4,1,2,25-34
4239,1920.0,21,6,Bulutlu,22.0,3,1,1,25-34
4240,2330.0,21,6,Yağmurlu,11.0,3,1,1,25-34
4241,2700.0,21,6,Güneşli,22.0,2,1,1,25-34
4242,3170.0,21,6,Yağmurlu,13.0,4,1,2,25-34
4243,2465.0,21,6,Güneşli,13.0,4,1,2,25-34
4244,2475.0,21,6,Bulutlu,21.0,3,1,1,25-34
4245,85.0,22,6,Soğuk/Karlı,10.0,1,1,1,25-34
4246,280.0,23,6,Soğuk/Karlı,23.0,2,1,1,25-34
4247,75.0,23,6,Bulutlu,17.0,1,1,1,25-34
4248,295.0,23,6,Yağmurlu,18.0,2,1,1,25-34
4249,65.0,0,0,Güneşli,24.0,1,1,1,25-34
4250,60.0,0,0,Yağmurlu,11.0,1,1,1,25-34
4251,35.0,1,0,Yağmurlu,16.0,1,1,1,25-34
4252,210.0,1,0,Yağmurlu,9.0,2,1,1,25-34
4253,1110.0,8,0,Bulutlu,22.0,2,1,1,25-34
4254,735.0,8,0,Yağmurlu,16.0,2,1,1,25-34
4255,1110.0,8,0,Bulutlu,19.0,2,1,1,25-34
4256,700.0,8,0,Güneşli,18.0,2,1,1,25-34
4257,1005.0,8,0,Bulutlu,22.0,2,1,1,25-34
4258,665.0,8,0,Soğuk/Karlı,16.0,2,1,1,25-34
4259,425.0,8,0,Yağmurlu,9.0,2,1,1,25-34
4260,530.0,8,0,Yağmurlu,24.0,2,1,1,25-34
4261,530.0,8,0,Güneşli,13.0,2,1,1,25-34
4262,425.0,8,0,Güneşli,8.0,2,1,1,25-34
4263,495.0,9,0,Yağmurlu,13.0,2,1,1,25-34
4264,735.0,9,0,Güneşli,21.0,2,1,1,25-34
4265,1075.0,9,0,Soğuk/Karlı,15.0,2,1,1,25-34
4266,700.0,9,0,Soğuk/Karlı,15.0,2,1,1,25-34
4267,970.0,9,0,Soğuk/Karlı,22.0,2,1,1,25-34
4268,1075.0,10,0,Güneşli,14.0,2,1,1,25-34
4269,770.0,10,0,Soğuk/Karlı,21.0,2,1,1,25-34
4270,1110.0,10,0,Güneşli,11.0,2,1,1,25-34
4271,630.0,10,0,Soğuk/Karlı,15.0,2,1,1,25-34
4272,1075.0,10,0,Bulutlu,12.0,2,1,1,25-34
4273,1040.0,10,0,Soğuk/Karlı,25.0,2,1,1,25-34
4274,390.0,10,0,Soğuk/Karlı,15.0,2,1,1,25-34
4275,425.0,10,0,Güneşli,23.0,2,1,1,25-34
4276,630.0,10,0,Bulutlu,19.0,2,1,1,25-34
4277,530.0,10,0,Soğuk/Karlı,22.0,2,1,1,25-34
4278,495.0,10,0,Yağmurlu,24.0,2,1,1,25-34
4279,700.0,10,0,Güneşli,15.0,2,1,1,25-34
4280,270.0,11,0,Bulutlu,8.0,2,1,1,25-34
4281,150.0,11,0,Yağmurlu,20.0,2,1,1,25-34
4282,170.0,11,0,Yağmurlu,21.0,2,1,1,25-34
4283,65.0,11,0,Yağmurlu,22.0,1,1,1,25-34
4284,395.0,12,0,Yağmurlu,25.0,2,1,1,25-34
4285,355.0,12,0,Güneşli,12.0,2,1,1,25-34
4286,355.0,12,0,Güneşli,12.0,2,1,1,25-34
4287,455.0,12,0,Güneşli,8.0,3,1,1,25-34
4288,325.0,12,0,Güneşli,23.0,2,1,1,25-34
4289,585.0,12,0,Soğuk/Karlı,12.0,3,1,1,25-34
4290,465.0,12,0,Güneşli,10.0,2,1,1,25-34
4291,355.0,12,0,Yağmurlu,19.0,2,1,1,25-34
4292,375.0,12,0,Soğuk/Karlı,20.0,2,1,1,25-34
4293,495.0,12,0,Yağmurlu,14.0,3,1,1,25-34
4294,585.0,12,0,Soğuk/Karlı,11.0,3,1,1,25-34
4295,585.0,12,0,Soğuk/Karlı,22.0,3,1,1,25-34
4296,495.0,12,0,Bulutlu,25.0,3,1,1,25-34
4297,355.0,12,0,Bulutlu,19.0,2,1,1,25-34
4298,395.0,12,0,Güneşli,11.0,2,1,1,25-34
4299,455.0,12,0,Yağmurlu,9.0,3,1,1,25-34
4300,455.0,12,0,Bulutlu,23.0,3,1,1,25-34
4301,375.0,12,0,Bulutlu,17.0,2,1,1,25-34
4302,445.0,12,0,Yağmurlu,14.0,2,1,1,25-34
4303,340.0,12,0,Bulutlu,12.0,2,1,1,25-34
4304,445.0,12,0,Güneşli,25.0,2,1,1,25-34
4305,535.0,12,0,Bulutlu,11.0,3,1,1,25-34
4306,325.0,13,0,Güneşli,22.0,2,1,1,25-34
4307,375.0,13,0,Soğuk/Karlı,9.0,2,1,1,25-34
4308,395.0,13,0,Bulutlu,14.0,2,1,1,25-34
4309,325.0,13,0,Yağmurlu,10.0,2,1,1,25-34
4310,325.0,13,0,Güneşli,12.0,2,1,1,25-34
4311,445.0,13,0,Yağmurlu,14.0,2,1,1,25-34
4312,535.0,13,0,Bulutlu,8.0,3,1,1,25-34
4313,325.0,13,0,Bulutlu,26.0,2,1,1,25-34
4314,395.0,13,0,Bulutlu,14.0,2,1,1,25-34
4315,375.0,13,0,Bulutlu,16.0,2,1,1,25-34
4316,355.0,13,0,Güneşli,21.0,2,1,1,25-34
4317,535.0,13,0,Soğuk/Karlı,11.0,3,1,1,25-34
4318,535.0,13,0,Yağmurlu,8.0,3,1,1,25-34
4319,325.0,13,0,Güneşli,11.0,2,1,1,25-34
4320,585.0,13,0,Soğuk/Karlı,26.0,3,1,1,25-34
4321,325.0,13,0,Soğuk/Karlı,26.0,2,1,1,25-34
4322,325.0,13,0,Bulutlu,19.0,2,1,1,25-34
4323,75.0,14,0,Güneşli,23.0,1,1,1,25-34
4324,45.0,15,0,Güneşli,25.0,1,1,1,25-34
4325,185.0,15,0,Yağmurlu,8.0,2,1,1,25-34
4326,85.0,16,0,Bulutlu,17.0,1,1,1,25-34
4327,210.0,16,0,Soğuk/Karlı,23.0,2,1,1,25-34
4328,85.0,16,0,Soğuk/Karlı,10.0,1,1,1,25-34
4329,60.0,16,0,Yağmurlu,16.0,1,1,1,25-34
4330,255.0,17,0,Güneşli,13.0,2,1,1,25-34
4331,65.0,17,0,Soğuk/Karlı,22.0,1,1,1,25-34
4332,45.0,17,0,Yağmurlu,11.0,1,1,1,25-34
4333,190.0,18,0,Güneşli,17.0,2,1,1,25-34
4334,35.0,18,0,Soğuk/Karlı,25.0,1,1,1,25-34
4335,115.0,18,0,Soğuk/Karlı,10.0,1,1,1,25-34
4336,1410.0,19,0,Güneşli,11.0,3,1,1,25-34
4337,1310.0,19,0,Güneşli,13.0,2,1,1,25-34
4338,2085.0,19,0,Soğuk/Karlı,9.0,5,1,2,25-34
4339,1610.0,19,0,Güneşli,10.0,3,1,1,25-34
4340,2840.0,19,0,Soğuk/Karlı,20.0,4,1,2,25-34
4341,1290.0,19,0,Güneşli,18.0,2,1,1,25-34
4342,1830.0,19,0,Bulutlu,18.0,3,1,1,25-34
4343,2070.0,19,0,Güneşli,16.0,5,1,2,25-34
4344,2220.0,19,0,Soğuk/Karlı,12.0,5,1,2,25-34
4345,4225.0,19,0,Soğuk/Karlı,26.0,5,1,2,25-34
4346,1710.0,19,0,Yağmurlu,21.0,3,1,1,25-34
4347,2500.0,19,0,Bulutlu,11.0,2,1,1,25-34
4348,1990.0,19,0,Soğuk/Karlı,22.0,3,1,1,25-34
4349,3125.0,19,0,Yağmurlu,19.0,4,1,2,25-34
4350,2115.0,19,0,Güneşli,23.0,4,1,2,25-34
4351,3630.0,19,0,Yağmurlu,12.0,4,1,2,25-34
4352,2505.0,19,0,Yağmurlu,20.0,4,1,2,25-34
4353,3740.0,19,0,Bulutlu,18.0,3,1,1,25-34
4354,1875.0,19,0,Güneşli,13.0,3,1,1,25-34
4355,1600.0,19,0,Yağmurlu,13.0,3,1,1,25-34
4356,2070.0,19,0,Soğuk/Karlı,17.0,3,1,1,25-34
4357,1720.0,19,0,Soğuk/Karlı,22.0,3,1,1,25-34
4358,3940.0,19,0,Güneşli,14.0,4,1,2,25-34
4359,1750.0,19,0,Güneşli,10.0,4,1,2,25-34
4360,2380.0,19,0,Güneşli,13.0,5,1,2,25-34
4361,3040.0,19,0,Soğuk/Karlı,17.0,5,1,2,25-34
4362,1600.0,19,0,Bulutlu,18.0,4,1,2,25-34
4363,3270.0,19,0,Güneşli,19.0,5,1,2,25-34
4364,2160.0,19,0,Güneşli,20.0,4,1,2,25-34
4365,2965.0,19,0,Soğuk/Karlı,9.0,4,1,2,25-34
4366,1440.0,19,0,Bulutlu,10.0,4,1,2,25-34
4367,2715.0,19,0,Bulutlu,21.0,4,1,2,25-34
4368,3375.0,19,0,Güneşli,24.0,4,1,2,25-34
4369,3140.0,19,0,Güneşli,16.0,4,1,2,25-34
4370,2140.0,20,0,Soğuk/Karlı,25.0,3,1,1,25-34
4371,1380.0,20,0,Bulutlu,15.0,4,1,2,25-34
4372,3700.0,20,0,Yağmurlu,16.0,3,1,1,25-34
4373,3055.0,20,0,Soğuk/Karlı,18.0,3,1,1,25-34
4374,2955.0,20,0,Soğuk/Karlı,25.0,4,1,2,25-34
4375,2305.0,20,0,Yağmurlu,21.0,3,1,1,25-34
4376,3580.0,20,0,Yağmurlu,26.0,4,1,2,25-34
4377,2580.0,20,0,Bulutlu,8.0,5,1,2,25-34
4378,4065.0,20,0,Yağmurlu,24.0,4,1,2,25-34
4379,2780.0,20,0,Bulutlu,26.0,4,1,2,25-34
4380,2570.0,20,0,Güneşli,10.0,3,1,1,25-34
4381,3090.0,20,0,Yağmurlu,22.0,3,1,1,25-34
4382,1475.0,20,0,Bulutlu,18.0,3,1,1,25-34
4383,3220.0,20,0,Soğuk/Karlı,19.0,4,1,2,25-34
4384,3125.0,20,0,Yağmurlu,14.0,3,1,1,25-34
4385,3020.0,20,0,Güneşli,24.0,4,1,2,25-34
4386,2220.0,20,0,Güneşli,25.0,3,1,1,25-34
4387,2595.0,20,0,Yağmurlu,17.0,4,1,2,25-34
4388,1810.0,20,0,Güneşli,14.0,3,1,1,25-34
4389,1830.0,20,0,Soğuk/Karlı,12.0,5,1,2,25-34
4390,2680.0,20,0,Bulutlu,15.0,2,1,1,25-34
4391,3370.0,20,0,Soğuk/Karlı,12.0,5,1,2,25-34
4392,2730.0,20,0,Soğuk/Karlı,13.0,4,1,2,25-34
4393,3015.0,20,0,Bulutlu,19.0,3,1,1,25-34
4394,2000.0,20,0,Soğuk/Karlı,21.0,5,1,2,25-34
4395,1430.0,20,0,Soğuk/Karlı,8.0,3,1,1,25-34
4396,2770.0,20,0,Bulutlu,17.0,3,1,1,25-34
4397,2445.0,21,0,Yağmurlu,11.0,4,1,2,25-34
4398,1980.0,21,0,Soğuk/Karlı,8.0,4,1,2,25-34
4399,3555.0,21,0,Yağmurlu,25.0,5,1,2,25-34
4400,2175.0,21,0,Bulutlu,16.0,4,1,2,25-34
4401,3620.0,21,0,Bulutlu,20.0,3,1,1,25-34
4402,2010.0,21,0,Bulutlu,21.0,4,1,2,25-34
4403,3720.0,21,0,Yağmurlu,19.0,5,1,2,25-34
4404,3705.0,21,0,Bulutlu,9.0,5,1,2,25-34
4405,1730.0,21,0,Bulutlu,12.0,5,1,2,25-34
4406,3355.0,21,0,Yağmurlu,12.0,5,1,2,25-34
4407,2680.0,21,0,Güneşli,20.0,4,1,2,25-34
4408,2775.0,21,0,Güneşli,10.0,2,1,1,25-34
4409,1900.0,21,0,Güneşli,15.0,4,1,2,25-34
4410,1580.0,21,0,Yağmurlu,24.0,5,1,2,25-34
4411,1440.0,21,0,Soğuk/Karlı,18.0,4,1,2,25-34
4412,4325.0,21,0,Bulutlu,20.0,4,1,2,25-34
4413,3410.0,21,0,Güneşli,15.0,5,1,2,25-34
4414,1840.0,21,0,Bulutlu,16.0,5,1,2,25-34
4415,2165.0,21,0,Güneşli,13.0,4,1,2,25-34
4416,1830.0,21,0,Bulutlu,10.0,3,1,1,25-34
4417,3970.0,21,0,Yağmurlu,24.0,4,1,2,25-34
4418,2240.0,21,0,Bulutlu,23.0,4,1,2,25-34
4419,1255.0,21,0,Güneşli,14.0,2,1,1,25-34
4420,3105.0,21,0,Yağmurlu,18.0,4,1,2,25-34
4421,2915.0,21,0,Yağmurlu,26.0,4,1,2,25-34
4422,2885.0,21,0,Bulutlu,14.0,4,1,2,25-34
4423,3020.0,21,0,Bulutlu,17.0,5,1,2,25-34
4424,1470.0,21,0,Güneşli,12.0,3,1,1,25-34
4425,1970.0,21,0,Soğuk/Karlı,19.0,4,1,2,25-34
4426,980.0,21,0,Güneşli,25.0,3,1,1,25-34
4427,2840.0,21,0,Yağmurlu,23.0,4,1,2,25-34
4428,3760.0,21,0,Yağmurlu,22.0,5,1,2,25-34
4429,85.0,22,0,Soğuk/Karlı,16.0,1,1,1,25-34
4430,115.0,22,0,Bulutlu,10.0,1,1,1,25-34
4431,250.0,22,0,Bulutlu,15.0,2,1,1,25-34
4432,250.0,22,0,Soğuk/Karlı,26.0,2,1,1,25-34
4433,310.0,23,0,Bulutlu,16.0,2,1,1,25-34
4434,355.0,23,0,Soğuk/Karlı,22.0,2,1,1,25-34
4435,35.0,23,0,Soğuk/Karlı,11.0,1,1,1,25-34
4436,60.0,23,0,Soğuk/Karlı,25.0,1,1,1,25-34
4437,115.0,0,1,Yağmurlu,16.0,1,0,1,25-34
4438,115.0,0,1,Bulutlu,14.0,1,0,1,25-34
4439,35.0,0,1,Yağmurlu,14.0,1,0,1,25-34
4440,45.0,0,1,Güneşli,9.0,1,0,1,25-34
4441,65.0,1,1,Soğuk/Karlı,15.0,1,0,1,25-34
4442,425.0,8,1,Soğuk/Karlı,21.0,2,0,1,25-34
4443,665.0,8,1,Bulutlu,12.0,2,0,1,25-34
4444,630.0,8,1,Yağmurlu,9.0,2,0,1,25-34
4445,1040.0,8,1,Güneşli,11.0,2,0,1,25-34
4446,735.0,8,1,Güneşli,21.0,2,0,1,25-34
4447,530.0,8,1,Soğuk/Karlı,22.0,2,0,1,25-34
4448,1005.0,8,1,Soğuk/Karlı,12.0,2,0,1,25-34
4449,700.0,8,1,Bulutlu,20.0,2,0,1,25-34
4450,425.0,8,1,Bulutlu,19.0,2,0,1,25-34
4451,390.0,8,1,Güneşli,13.0,2,0,1,25-34
4452,495.0,8,1,Soğuk/Karlı,22.0,2,0,1,25-34
4453,700.0,8,1,Yağmurlu,12.0,2,0,1,25-34
4454,390.0,9,1,Güneşli,17.0,2,0,1,25-34
4455,460.0,9,1,Güneşli,11.0,2,0,1,25-34
4456,495.0,9,1,Yağmurlu,14.0,2,0,1,25-34
4457,970.0,9,1,Bulutlu,8.0,2,0,1,25-34
4458,770.0,9,1,Bulutlu,10.0,2,0,1,25-34
4459,425.0,9,1,Yağmurlu,26.0,2,0,1,25-34
4460,735.0,9,1,Bulutlu,18.0,2,0,1,25-34
4461,630.0,10,1,Soğuk/Karlı,24.0,2,0,1,25-34
4462,390.0,10,1,Güneşli,12.0,2,0,1,25-34
4463,770.0,10,1,Soğuk/Karlı,13.0,2,0,1,25-34
4464,1040.0,10,1,Güneşli,22.0,2,0,1,25-34
4465,460.0,10,1,Bulutlu,10.0,2,0,1,25-34
4466,665.0,10,1,Soğuk/Karlı,21.0,2,0,1,25-34
4467,970.0,10,1,Yağmurlu,16.0,2,0,1,25-34
4468,970.0,10,1,Soğuk/Karlı,14.0,2,0,1,25-34
4469,225.0,11,1,Güneşli,12.0,2,0,1,25-34
4470,75.0,11,1,Yağmurlu,17.0,1,0,1,25-34
4471,325.0,12,1,Bulutlu,10.0,2,0,1,25-34
4472,585.0,12,1,Yağmurlu,8.0,3,0,1,25-34
4473,535.0,12,1,Yağmurlu,12.0,3,0,1,25-34
4474,465.0,12,1,Bulutlu,18.0,2,0,1,25-34
4475,355.0,12,1,Bulutlu,17.0,2,0,1,25-34
4476,585.0,12,1,Yağmurlu,23.0,3,0,1,25-34
4477,445.0,12,1,Soğuk/Karlı,9.0,2,0,1,25-34
4478,535.0,12,1,Güneşli,19.0,3,0,1,25-34
4479,585.0,12,1,Soğuk/Karlı,8.0,3,0,1,25-34
4480,355.0,12,1,Yağmurlu,22.0,2,0,1,25-34
4481,495.0,12,1,Soğuk/Karlı,18.0,3,0,1,25-34
4482,445.0,12,1,Yağmurlu,23.0,2,0,1,25-34
4483,395.0,12,1,Soğuk/Karlı,21.0,2,0,1,25-34
4484,465.0,12,1,Soğuk/Karlı,17.0,2,0,1,25-34
4485,445.0,12,1,Bulutlu,17.0,2,0,1,25-34
4486,495.0,12,1,Soğuk/Karlı,24.0,3,0,1,25-34
4487,535.0,12,1,Soğuk/Karlı,24.0,3,0,1,25-34
4488,395.0,12,1,Yağmurlu,22.0,2,0,1,25-34
4489,585.0,12,1,Bulutlu,18.0,3,0,1,25-34
4490,495.0,12,1,Güneşli,17.0,3,0,1,25-34
4491,375.0,12,1,Bulutlu,9.0,2,0,1,25-34
4492,375.0,12,1,Soğuk/Karlı,26.0,2,0,1,25-34
4493,535.0,12,1,Bulutlu,10.0,3,0,1,25-34
4494,445.0,12,1,Güneşli,22.0,2,0,1,25-34
4495,495.0,13,1,Bulutlu,11.0,3,0,1,25-34
4496,585.0,13,1,Soğuk/Karlı,23.0,3,0,1,25-34
4497,395.0,13,1,Güneşli,10.0,2,0,1,25-34
4498,585.0,13,1,Güneşli,26.0,3,0,1,25-34
4499,375.0,13,1,Güneşli,10.0,2,0,1,25-34
4500,585.0,13,1,Güneşli,18.0,3,0,1,25-34
4501,325.0,13,1,Yağmurlu,20.0,2,0,1,25-34
4502,325.0,13,1,Güneşli,17.0,2,0,1,25-34
4503,535.0,13,1,Bulutlu,13.0,3,0,1,25-34
4504,355.0,13,1,Güneşli,10.0,2,0,1,25-34
4505,585.0,13,1,Yağmurlu,24.0,3,0,1,25-34
4506,375.0,13,1,Yağmurlu,11.0,2,0,1,25-34
4507,355.0,13,1,Güneşli,21.0,2,0,1,25-34
4508,65.0,14,1,Güneşli,23.0,1,0,1,25-34
4509,85.0,14,1,Soğuk/Karlı,15.0,1,0,1,25-34
4510,45.0,14,1,Yağmurlu,16.0,1,0,1,25-34
4511,230.0,15,1,Yağmurlu,10.0,2,0,1,25-34
4512,115.0,15,1,Yağmurlu,9.0,1,0,1,25-34
4513,175.0,15,1,Güneşli,9.0,2,0,1,25-34
4514,65.0,16,1,Güneşli,16.0,1,0,1,25-34
4515,45.0,16,1,Soğuk/Karlı,10.0,1,0,1,25-34
4516,45.0,16,1,Soğuk/Karlı,15.0,1,0,1,25-34
4517,130.0,16,1,Bulutlu,14.0,1,0,1,25-34
4518,230.0,17,1,Güneşli,17.0,2,0,1,25-34
4519,295.0,17,1,Bulutlu,10.0,2,0,1,25-34
4520,35.0,17,1,Güneşli,14.0,1,0,1,25-34
4521,190.0,18,1,Bulutlu,23.0,2,0,1,25-34
4522,65.0,18,1,Soğuk/Karlı,22.0,1,0,1,25-34
4523,1420.0,19,1,Güneşli,11.0,3,0,1,25-34
4524,1495.0,19,1,Güneşli,15.0,4,0,2,25-34
4525,3425.0,19,1,Güneşli,9.0,3,0,1,25-34
4526,3675.0,19,1,Güneşli,19.0,3,0,1,25-34
4527,2220.0,19,1,Soğuk/Karlı,22.0,5,0,2,25-34
4528,4245.0,19,1,Bulutlu,17.0,4,0,2,25-34
4529,3325.0,19,1,Güneşli,24.0,1,0,1,25-34
4530,3760.0,19,1,Güneşli,23.0,5,0,2,25-34
4531,2395.0,19,1,Güneşli,12.0,4,0,2,25-34
4532,1310.0,19,1,Yağmurlu,23.0,3,0,1,25-34
4533,3050.0,19,1,Bulutlu,12.0,2,0,1,25-34
4534,2920.0,19,1,Soğuk/Karlı,21.0,4,0,2,25-34
4535,1960.0,19,1,Bulutlu,22.0,4,0,2,25-34
4536,3920.0,19,1,Güneşli,20.0,5,0,2,25-34
4537,3160.0,19,1,Soğuk/Karlı,11.0,4,0,2,25-34
4538,2405.0,20,1,Bulutlu,8.0,3,0,1,25-34
4539,1710.0,20,1,Güneşli,24.0,4,0,2,25-34
4540,1810.0,20,1,Bulutlu,17.0,3,0,1,25-34
4541,1790.0,20,1,Güneşli,21.0,5,0,2,25-34
4542,3165.0,20,1,Yağmurlu,25.0,4,0,2,25-34
4543,1110.0,20,1,Yağmurlu,10.0,3,0,1,25-34
4544,1420.0,20,1,Yağmurlu,12.0,3,0,1,25-34
4545,2475.0,20,1,Yağmurlu,9.0,3,0,1,25-34
4546,1750.0,20,1,Soğuk/Karlı,23.0,4,0,2,25-34
4547,1685.0,20,1,Yağmurlu,14.0,4,0,2,25-34
4548,1995.0,20,1,Yağmurlu,13.0,3,0,1,25-34
4549,3565.0,20,1,Yağmurlu,16.0,4,0,2,25-34
4550,1845.0,20,1,Soğuk/Karlı,19.0,5,0,2,25-34
4551,2640.0,20,1,Güneşli,14.0,5,0,2,25-34
4552,920.0,20,1,Soğuk/Karlı,24.0,3,0,1,25-34
4553,1830.0,20,1,Soğuk/Karlı,14.0,3,0,1,25-34
4554,2820.0,20,1,Bulutlu,20.0,3,0,1,25-34
4555,2475.0,20,1,Bulutlu,21.0,2,0,1,25-34
4556,1355.0,20,1,Soğuk/Karlı,9.0,4,0,2,25-34
4557,2170.0,20,1,Bulutlu,19.0,4,0,2,25-34
4558,2960.0,20,1,Yağmurlu,25.0,4,0,2,25-34
4559,1470.0,20,1,Bulutlu,10.0,3,0,1,25-34
4560,1375.0,20,1,Soğuk/Karlı,15.0,3,0,1,25-34
4561,2900.0,20,1,Güneşli,8.0,3,0,1,25-34
4562,1300.0,20,1,Güneşli,20.0,3,0,1,25-34
4563,1830.0,20,1,Güneşli,14.0,3,0,1,25-34
4564,4015.0,20,1,Soğuk/Karlı,16.0,4,0,2,25-34
4565,3025.0,20,1,Bulutlu,11.0,3,0,1,25-34
4566,2205.0,20,1,Güneşli,25.0,3,0,1,25-34
4567,1435.0,20,1,Güneşli,9.0,3,0,1,25-34
4568,3325.0,20,1,Soğuk/Karlı,12.0,3,0,1,25-34
4569,1665.0,20,1,Soğuk/Karlı,16.0,2,0,1,25-34
4570,2405.0,20,1,Bulutlu,18.0,3,0,1,25-34
4571,1990.0,20,1,Bulutlu,26.0,4,0,2,25-34
4572,3590.0,21,1,Bulutlu,15.0,4,0,2,25-34
4573,3790.0,21,1,Bulutlu,21.0,4,0,2,25-34
4574,1640.0,21,1,Bulutlu,25.0,5,0,2,25-34
4575,2480.0,21,1,Yağmurlu,23.0,3,0,1,25-34
4576,1780.0,21,1,Soğuk/Karlı,14.0,3,0,1,25-34
4577,3010.0,21,1,Bulutlu,21.0,4,0,2,25-34
4578,1965.0,21,1,Soğuk/Karlı,10.0,2,0,1,25-34
4579,1330.0,21,1,Yağmurlu,25.0,2,0,1,25-34
4580,1370.0,21,1,Güneşli,21.0,2,0,1,25-34
4581,2085.0,21,1,Bulutlu,19.0,2,0,1,25-34
4582,2720.0,21,1,Soğuk/Karlı,26.0,4,0,2,25-34
4583,1340.0,21,1,Bulutlu,26.0,4,0,2,25-34
4584,2670.0,21,1,Bulutlu,19.0,4,0,2,25-34
4585,1795.0,21,1,Soğuk/Karlı,16.0,4,0,2,25-34
4586,3290.0,21,1,Güneşli,12.0,3,0,1,25-34
4587,2265.0,21,1,Güneşli,9.0,4,0,2,25-34
4588,1860.0,21,1,Yağmurlu,20.0,3,0,1,25-34
4589,1990.0,21,1,Güneşli,11.0,4,0,2,25-34
4590,2115.0,21,1,Bulutlu,9.0,4,0,2,25-34
4591,2145.0,21,1,Bulutlu,25.0,3,0,1,25-34
4592,1480.0,21,1,Yağmurlu,21.0,3,0,1,25-34
4593,3080.0,21,1,Bulutlu,12.0,5,0,2,25-34
4594,2550.0,21,1,Bulutlu,8.0,4,0,2,25-34
4595,3660.0,21,1,Güneşli,8.0,3,0,1,25-34
4596,2160.0,21,1,Yağmurlu,17.0,2,0,1,25-34
4597,1185.0,21,1,Güneşli,24.0,4,0,2,25-34
4598,3475.0,21,1,Bulutlu,23.0,4,0,2,25-34
4599,1420.0,21,1,Bulutlu,23.0,4,0,2,25-34
4600,1110.0,21,1,Bulutlu,19.0,3,0,1,25-34
4601,3995.0,21,1,Soğuk/Karlı,14.0,3,0,1,25-34
4602,2560.0,21,1,Bulutlu,26.0,4,0,2,25-34
4603,315.0,22,1,Soğuk/Karlı,26.0,2,0,1,25-34
4604,45.0,22,1,Bulutlu,19.0,1,0,1,25-34
4605,130.0,23,1,Güneşli,8.0,1,0,1,25-34
4606,60.0,23,1,Bulutlu,18.0,1,0,1,25-34
4607,85.0,23,1,Güneşli,14.0,1,0,1,25-34
4608,65.0,0,2,Güneşli,16.0,1,0,1,25-34
4609,85.0,0,2,Güneşli,19.0,1,0,1,25-34
4610,230.0,0,2,Bulutlu,24.0,2,0,1,25-34
4611,115.0,1,2,Soğuk/Karlı,15.0,1,0,1,25-34
4612,115.0,1,2,Güneşli,23.0,1,0,1,25-34
4613,130.0,1,2,Soğuk/Karlı,8.0,1,0,1,25-34
4614,700.0,8,2,Soğuk/Karlı,16.0,2,0,1,25-34
4615,1075.0,8,2,Bulutlu,24.0,2,0,1,25-34
4616,1005.0,8,2,Yağmurlu,22.0,2,0,1,25-34
4617,495.0,8,2,Bulutlu,24.0,2,0,1,25-34
4618,970.0,8,2,Yağmurlu,18.0,2,0,1,25-34
4619,530.0,8,2,Soğuk/Karlı,13.0,2,0,1,25-34
4620,1075.0,8,2,Soğuk/Karlı,23.0,2,0,1,25-34
4621,1110.0,8,2,Güneşli,24.0,2,0,1,25-34
4622,1005.0,9,2,Güneşli,17.0,2,0,1,25-34
4623,530.0,9,2,Yağmurlu,12.0,2,0,1,25-34
4624,390.0,9,2,Yağmurlu,16.0,2,0,1,25-34
4625,700.0,9,2,Soğuk/Karlı,16.0,2,0,1,25-34
4626,770.0,9,2,Soğuk/Karlı,25.0,2,0,1,25-34
4627,530.0,9,2,Bulutlu,11.0,2,0,1,25-34
4628,770.0,9,2,Soğuk/Karlı,17.0,2,0,1,25-34
4629,1075.0,9,2,Yağmurlu,17.0,2,0,1,25-34
4630,1005.0,9,2,Bulutlu,25.0,2,0,1,25-34
4631,460.0,9,2,Soğuk/Karlı,13.0,2,0,1,25-34
4632,390.0,9,2,Soğuk/Karlı,18.0,2,0,1,25-34
4633,390.0,10,2,Güneşli,26.0,2,0,1,25-34
4634,425.0,10,2,Soğuk/Karlı,24.0,2,0,1,25-34
4635,1075.0,10,2,Güneşli,15.0,2,0,1,25-34
4636,495.0,10,2,Güneşli,15.0,2,0,1,25-34
4637,735.0,10,2,Bulutlu,8.0,2,0,1,25-34
4638,530.0,10,2,Yağmurlu,11.0,2,0,1,25-34
4639,1075.0,10,2,Soğuk/Karlı,17.0,2,0,1,25-34
4640,665.0,10,2,Güneşli,9.0,2,0,1,25-34
4641,700.0,10,2,Soğuk/Karlı,17.0,2,0,1,25-34
4642,665.0,10,2,Soğuk/Karlı,17.0,2,0,1,25-34
4643,60.0,11,2,Bulutlu,8.0,1,0,1,25-34
4644,130.0,11,2,Güneşli,8.0,1,0,1,25-34
4645,245.0,11,2,Güneşli,12.0,2,0,1,25-34
4646,325.0,12,2,Bulutlu,9.0,2,0,1,25-34
4647,495.0,12,2,Yağmurlu,8.0,3,0,1,25-34
4648,325.0,12,2,Yağmurlu,22.0,2,0,1,25-34
4649,465.0,12,2,Bulutlu,8.0,2,0,1,25-34
4650,325.0,12,2,Soğuk/Karlı,25.0,2,0,1,25-34
4651,325.0,12,2,Bulutlu,24.0,2,0,1,25-34
4652,585.0,12,2,Yağmurlu,22.0,3,0,1,25-34
4653,465.0,12,2,Güneşli,21.0,2,0,1,25-34
4654,495.0,12,2,Güneşli,18.0,3,0,1,25-34
4655,395.0,12,2,Bulutlu,26.0,2,0,1,25-34
4656,585.0,12,2,Yağmurlu,23.0,3,0,1,25-34
4657,445.0,12,2,Soğuk/Karlı,14.0,2,0,1,25-34
4658,455.0,12,2,Güneşli,16.0,3,0,1,25-34
4659,465.0,12,2,Soğuk/Karlı,24.0,2,0,1,25-34
4660,585.0,13,2,Bulutlu,22.0,3,0,1,25-34
4661,445.0,13,2,Soğuk/Karlı,10.0,2,0,1,25-34
4662,535.0,13,2,Bulutlu,10.0,3,0,1,25-34
4663,455.0,13,2,Güneşli,26.0,3,0,1,25-34
4664,340.0,13,2,Bulutlu,21.0,2,0,1,25-34
4665,325.0,13,2,Bulutlu,18.0,2,0,1,25-34
4666,455.0,13,2,Güneşli,10.0,3,0,1,25-34
4667,495.0,13,2,Soğuk/Karlı,11.0,3,0,1,25-34
4668,375.0,13,2,Güneşli,24.0,2,0,1,25-34
4669,455.0,13,2,Yağmurlu,15.0,3,0,1,25-34
4670,340.0,13,2,Bulutlu,25.0,2,0,1,25-34
4671,355.0,13,2,Bulutlu,20.0,2,0,1,25-34
4672,585.0,13,2,Soğuk/Karlı,16.0,3,0,1,25-34
4673,455.0,13,2,Yağmurlu,13.0,3,0,1,25-34
4674,465.0,13,2,Bulutlu,19.0,2,0,1,25-34
4675,325.0,13,2,Güneşli,17.0,2,0,1,25-34
4676,325.0,13,2,Güneşli,24.0,2,0,1,25-34
4677,255.0,14,2,Yağmurlu,26.0,2,0,1,25-34
4678,130.0,14,2,Bulutlu,17.0,1,0,1,25-34
4679,270.0,15,2,Yağmurlu,12.0,2,0,1,25-34
4680,130.0,15,2,Yağmurlu,16.0,2,0,1,25-34
4681,355.0,16,2,Güneşli,8.0,2,0,1,25-34
4682,305.0,16,2,Soğuk/Karlı,16.0,2,0,1,25-34
4683,245.0,16,2,Yağmurlu,17.0,2,0,1,25-34
4684,45.0,16,2,Bulutlu,12.0,1,0,1,25-34
4685,65.0,17,2,Soğuk/Karlı,9.0,1,0,1,25-34
4686,60.0,17,2,Bulutlu,20.0,1,0,1,25-34
4687,60.0,17,2,Güneşli,17.0,1,0,1,25-34
4688,130.0,18,2,Soğuk/Karlı,8.0,1,0,1,25-34
4689,1760.0,19,2,Bulutlu,11.0,4,0,2,25-34
4690,2470.0,19,2,Soğuk/Karlı,12.0,4,0,2,25-34
4691,2260.0,19,2,Bulutlu,20.0,4,0,2,25-34
4692,1360.0,19,2,Yağmurlu,20.0,4,0,2,25-34
4693,1740.0,19,2,Yağmurlu,17.0,5,0,2,25-34
4694,2025.0,19,2,Güneşli,8.0,4,0,2,25-34
4695,3715.0,19,2,Güneşli,19.0,5,0,2,25-34
4696,1920.0,19,2,Soğuk/Karlı,15.0,3,0,1,25-34
4697,1220.0,19,2,Soğuk/Karlı,11.0,2,0,1,25-34
4698,2600.0,19,2,Güneşli,14.0,2,0,1,25-34
4699,2720.0,19,2,Soğuk/Karlı,19.0,5,0,2,25-34
4700,2850.0,19,2,Yağmurlu,15.0,4,0,2,25-34
4701,3400.0,19,2,Yağmurlu,16.0,3,0,1,25-34
4702,1565.0,19,2,Yağmurlu,14.0,3,0,1,25-34
4703,3815.0,19,2,Yağmurlu,21.0,5,0,2,25-34
4704,2225.0,19,2,Güneşli,14.0,4,0,2,25-34
4705,4125.0,19,2,Güneşli,22.0,3,0,1,25-34
4706,1660.0,19,2,Soğuk/Karlı,25.0,3,0,1,25-34
4707,2150.0,19,2,Bulutlu,14.0,5,0,2,25-34
4708,4305.0,19,2,Yağmurlu,25.0,3,0,1,25-34
4709,3800.0,19,2,Yağmurlu,13.0,5,0,2,25-34
4710,4485.0,19,2,Yağmurlu,26.0,5,0,2,25-34
4711,1240.0,19,2,Bulutlu,20.0,3,0,1,25-34
4712,2535.0,19,2,Güneşli,25.0,4,0,2,25-34
4713,1995.0,20,2,Soğuk/Karlı,14.0,3,0,1,25-34
4714,1380.0,20,2,Bulutlu,21.0,4,0,2,25-34
4715,3095.0,20,2,Yağmurlu,15.0,4,0,2,25-34
4716,2570.0,20,2,Yağmurlu,17.0,4,0,2,25-34
4717,2340.0,20,2,Bulutlu,15.0,4,0,2,25-34
4718,4385.0,20,2,Güneşli,11.0,4,0,2,25-34
4719,3425.0,20,2,Soğuk/Karlı,12.0,3,0,1,25-34
4720,1725.0,20,2,Bulutlu,24.0,5,0,2,25-34
4721,1950.0,20,2,Bulutlu,16.0,3,0,1,25-34
4722,2020.0,20,2,Bulutlu,19.0,5,0,2,25-34
4723,4530.0,20,2,Bulutlu,12.0,4,0,2,25-34
4724,3370.0,20,2,Yağmurlu,22.0,4,0,2,25-34
4725,3090.0,20,2,Güneşli,20.0,5,0,2,25-34
4726,4480.0,20,2,Güneşli,26.0,4,0,2,25-34
4727,3145.0,20,2,Bulutlu,16.0,2,0,1,25-34
4728,3390.0,20,2,Soğuk/Karlı,8.0,3,0,1,25-34
4729,2020.0,20,2,Yağmurlu,14.0,5,0,2,25-34
4730,1850.0,20,2,Güneşli,22.0,4,0,2,25-34
4731,3800.0,20,2,Bulutlu,23.0,4,0,2,25-34
4732,2070.0,20,2,Güneşli,10.0,3,0,1,25-34
4733,3240.0,20,2,Yağmurlu,18.0,3,0,1,25-34
4734,2690.0,20,2,Güneşli,12.0,3,0,1,25-34
4735,2740.0,20,2,Bulutlu,15.0,3,0,1,25-34
4736,3240.0,21,2,Bulutlu,18.0,2,0,1,25-34
4737,2625.0,21,2,Bulutlu,18.0,4,0,2,25-34
4738,2850.0,21,2,Bulutlu,13.0,3,0,1,25-34
4739,1140.0,21,2,Bulutlu,20.0,3,0,1,25-34
4740,3465.0,21,2,Bulutlu,13.0,5,0,2,25-34
4741,3400.0,21,2,Soğuk/Karlı,12.0,2,0,1,25-34
4742,1750.0,21,2,Soğuk/Karlı,26.0,4,0,2,25-34
4743,1995.0,21,2,Soğuk/Karlı,13.0,3,0,1,25-34
4744,2655.0,21,2,Güneşli,25.0,5,0,2,25-34
4745,2800.0,21,2,Soğuk/Karlı,17.0,1,0,1,25-34
4746,1460.0,21,2,Bulutlu,25.0,3,0,1,25-34
4747,3140.0,21,2,Soğuk/Karlı,24.0,4,0,2,25-34
4748,1965.0,21,2,Güneşli,22.0,3,0,1,25-34
4749,1600.0,21,2,Güneşli,12.0,4,0,2,25-34
4750,1955.0,21,2,Yağmurlu,17.0,4,0,2,25-34
4751,3240.0,21,2,Soğuk/Karlı,9.0,4,0,2,25-34
4752,4015.0,21,2,Bulutlu,8.0,4,0,2,25-34
4753,2990.0,21,2,Soğuk/Karlı,23.0,5,0,2,25-34
4754,60.0,22,2,Soğuk/Karlı,13.0,1,0,1,25-34
4755,85.0,22,2,Güneşli,12.0,1,0,1,25-34
4756,35.0,23,2,Soğuk/Karlı,18.0,1,0,1,25-34
4757,240.0,0,3,Soğuk/Karlı,12.0,2,0,1,25-34
4758,305.0,0,3,Güneşli,26.0,2,0,1,25-34
4759,210.0,0,3,Bulutlu,15.0,2,0,1,25-34
4760,130.0,1,3,Güneşli,22.0,1,0,1,25-34
4761,285.0,1,3,Bulutlu,13.0,2,0,1,25-34
4762,280.0,1,3,Güneşli,21.0,2,0,1,25-34
4763,1040.0,8,3,Yağmurlu,24.0,2,0,1,25-34
4764,390.0,8,3,Güneşli,24.0,2,0,1,25-34
4765,1110.0,8,3,Soğuk/Karlı,21.0,2,0,1,25-34
4766,1005.0,8,3,Soğuk/Karlı,13.0,2,0,1,25-34
4767,700.0,8,3,Bulutlu,24.0,2,0,1,25-34
4768,665.0,8,3,Soğuk/Karlı,19.0,2,0,1,25-34
4769,530.0,9,3,Güneşli,8.0,2,0,1,25-34
4770,495.0,9,3,Bulutlu,10.0,2,0,1,25-34
4771,1040.0,9,3,Güneşli,16.0,2,0,1,25-34
4772,735.0,9,3,Soğuk/Karlı,22.0,2,0,1,25-34
4773,530.0,9,3,Soğuk/Karlı,16.0,2,0,1,25-34
4774,735.0,9,3,Bulutlu,9.0,2,0,1,25-34
4775,390.0,9,3,Güneşli,26.0,2,0,1,25-34
4776,390.0,10,3,Soğuk/Karlı,16.0,2,0,1,25-34
4777,1075.0,10,3,Yağmurlu,8.0,2,0,1,25-34
4778,495.0,10,3,Soğuk/Karlı,10.0,2,0,1,25-34
4779,1110.0,10,3,Güneşli,17.0,2,0,1,25-34
4780,700.0,10,3,Güneşli,9.0,2,0,1,25-34
4781,1075.0,10,3,Yağmurlu,24.0,2,0,1,25-34
4782,495.0,10,3,Yağmurlu,17.0,2,0,1,25-34
4783,770.0,10,3,Güneşli,18.0,2,0,1,25-34
4784,425.0,10,3,Bulutlu,14.0,2,0,1,25-34
4785,1110.0,10,3,Güneşli,14.0,2,0,1,25-34
4786,700.0,10,3,Yağmurlu,11.0,2,0,1,25-34
4787,700.0,10,3,Yağmurlu,22.0,2,0,1,25-34
4788,130.0,11,3,Soğuk/Karlı,18.0,1,0,1,25-34
4789,585.0,12,3,Güneşli,26.0,3,0,1,25-34
4790,495.0,12,3,Soğuk/Karlı,13.0,3,0,1,25-34
4791,325.0,12,3,Soğuk/Karlı,14.0,2,0,1,25-34
4792,375.0,12,3,Soğuk/Karlı,12.0,2,0,1,25-34
4793,325.0,12,3,Güneşli,20.0,2,0,1,25-34
4794,445.0,12,3,Soğuk/Karlı,9.0,2,0,1,25-34
4795,445.0,12,3,Bulutlu,10.0,2,0,1,25-34
4796,455.0,12,3,Soğuk/Karlı,19.0,3,0,1,25-34
4797,325.0,12,3,Yağmurlu,22.0,2,0,1,25-34
4798,395.0,12,3,Yağmurlu,19.0,2,0,1,25-34
4799,375.0,12,3,Güneşli,8.0,2,0,1,25-34
4800,375.0,12,3,Bulutlu,18.0,2,0,1,25-34
4801,395.0,12,3,Yağmurlu,11.0,2,0,1,25-34
4802,340.0,13,3,Güneşli,24.0,2,0,1,25-34
4803,465.0,13,3,Bulutlu,11.0,2,0,1,25-34
4804,445.0,13,3,Güneşli,11.0,2,0,1,25-34
4805,495.0,13,3,Yağmurlu,10.0,3,0,1,25-34
4806,465.0,13,3,Yağmurlu,13.0,2,0,1,25-34
4807,355.0,13,3,Güneşli,19.0,2,0,1,25-34
4808,375.0,13,3,Güneşli,20.0,2,0,1,25-34
4809,585.0,13,3,Güneşli,19.0,3,0,1,25-34
4810,395.0,13,3,Güneşli,25.0,2,0,1,25-34
4811,585.0,13,3,Güneşli,14.0,3,0,1,25-34
4812,535.0,13,3,Bulutlu,26.0,3,0,1,25-34
4813,465.0,13,3,Yağmurlu,19.0,2,0,1,25-34
4814,455.0,13,3,Yağmurlu,17.0,3,0,1,25-34
4815,465.0,13,3,Güneşli,25.0,2,0,1,25-34
4816,495.0,13,3,Bulutlu,21.0,3,0,1,25-34
4817,325.0,13,3,Yağmurlu,25.0,2,0,1,25-34
4818,340.0,13,3,Soğuk/Karlı,11.0,2,0,1,25-34
4819,455.0,13,3,Bulutlu,10.0,3,0,1,25-34
4820,535.0,13,3,Bulutlu,13.0,3,0,1,25-34
4821,325.0,13,3,Güneşli,26.0,2,0,1,25-34
4822,535.0,13,3,Güneşli,22.0,3,0,1,25-34
4823,585.0,13,3,Soğuk/Karlı,8.0,3,0,1,25-34
4824,355.0,13,3,Bulutlu,9.0,2,0,1,25-34
4825,340.0,13,3,Bulutlu,26.0,2,0,1,25-34
4826,35.0,14,3,Yağmurlu,22.0,1,0,1,25-34
4827,240.0,14,3,Bulutlu,19.0,2,0,1,25-34
4828,85.0,14,3,Güneşli,14.0,1,0,1,25-34
4829,85.0,14,3,Güneşli,16.0,1,0,1,25-34
4830,275.0,15,3,Yağmurlu,21.0,2,0,1,25-34
4831,130.0,15,3,Soğuk/Karlı,22.0,1,0,1,25-34
4832,75.0,16,3,Yağmurlu,22.0,1,0,1,25-34
4833,85.0,17,3,Yağmurlu,19.0,1,0,1,25-34
4834,60.0,17,3,Yağmurlu,24.0,1,0,1,25-34
4835,60.0,18,3,Bulutlu,8.0,1,0,1,25-34
4836,210.0,18,3,Güneşli,21.0,2,0,1,25-34
4837,3550.0,19,3,Yağmurlu,8.0,4,0,2,25-34
4838,3505.0,19,3,Güneşli,16.0,3,0,1,25-34
4839,1905.0,19,3,Güneşli,9.0,4,0,2,25-34
4840,3170.0,19,3,Bulutlu,8.0,4,0,2,25-34
4841,2670.0,19,3,Yağmurlu,10.0,4,0,2,25-34
4842,3040.0,19,3,Güneşli,11.0,3,0,1,25-34
4843,3890.0,19,3,Soğuk/Karlı,12.0,4,0,2,25-34
4844,1520.0,19,3,Bulutlu,22.0,2,0,1,25-34
4845,3880.0,19,3,Soğuk/Karlı,11.0,5,0,2,25-34
4846,2990.0,19,3,Güneşli,10.0,5,0,2,25-34
4847,2745.0,19,3,Soğuk/Karlı,10.0,3,0,1,25-34
4848,1870.0,19,3,Yağmurlu,23.0,4,0,2,25-34
4849,4220.0,19,3,Bulutlu,22.0,4,0,2,25-34
4850,2005.0,19,3,Güneşli,24.0,5,0,2,25-34
4851,1965.0,19,3,Bulutlu,19.0,4,0,2,25-34
4852,2215.0,19,3,Soğuk/Karlı,21.0,5,0,2,25-34
4853,3250.0,19,3,Yağmurlu,11.0,3,0,1,25-34
4854,2245.0,19,3,Yağmurlu,13.0,4,0,2,25-34
4855,2365.0,19,3,Güneşli,11.0,4,0,2,25-34
4856,3890.0,19,3,Yağmurlu,10.0,3,0,1,25-34
4857,3790.0,19,3,Soğuk/Karlı,20.0,4,0,2,25-34
4858,1740.0,19,3,Yağmurlu,17.0,4,0,2,25-34
4859,3370.0,19,3,Güneşli,12.0,4,0,2,25-34
4860,3440.0,19,3,Güneşli,20.0,4,0,2,25-34
4861,2800.0,19,3,Yağmurlu,24.0,4,0,2,25-34
4862,2745.0,19,3,Güneşli,22.0,4,0,2,25-34
4863,4090.0,19,3,Güneşli,9.0,4,0,2,25-34
4864,1695.0,19,3,Güneşli,19.0,4,0,2,25-34
4865,1690.0,20,3,Güneşli,16.0,4,0,2,25-34
4866,3095.0,20,3,Soğuk/Karlı,26.0,4,0,2,25-34
4867,1250.0,20,3,Bulutlu,16.0,2,0,1,25-34
4868,3650.0,20,3,Soğuk/Karlı,22.0,2,0,1,25-34
4869,2250.0,20,3,Yağmurlu,20.0,4,0,2,25-34
4870,3155.0,20,3,Güneşli,9.0,4,0,2,25-34
4871,1995.0,20,3,Bulutlu,20.0,4,0,2,25-34
4872,1740.0,20,3,Soğuk/Karlı,8.0,3,0,1,25-34
4873,3675.0,20,3,Bulutlu,13.0,3,0,1,25-34
4874,1450.0,20,3,Bulutlu,25.0,4,0,2,25-34
4875,1680.0,20,3,Güneşli,16.0,4,0,2,25-34
4876,3990.0,20,3,Güneşli,12.0,3,0,1,25-34
4877,3325.0,20,3,Soğuk/Karlı,19.0,2,0,1,25-34
4878,3900.0,20,3,Soğuk/Karlı,20.0,5,0,2,25-34
4879,3570.0,20,3,Güneşli,19.0,4,0,2,25-34
4880,1640.0,20,3,Yağmurlu,14.0,4,0,2,25-34
4881,2475.0,21,3,Yağmurlu,15.0,4,0,2,25-34
4882,1160.0,21,3,Bulutlu,22.0,4,0,2,25-34
4883,2850.0,21,3,Yağmurlu,8.0,2,0,1,25-34
4884,3730.0,21,3,Yağmurlu,13.0,4,0,2,25-34
4885,1935.0,21,3,Bulutlu,12.0,5,0,2,25-34
4886,2885.0,21,3,Yağmurlu,19.0,2,0,1,25-34
4887,2355.0,21,3,Bulutlu,25.0,3,0,1,25-34
4888,2675.0,21,3,Soğuk/Karlı,13.0,5,0,2,25-34
4889,2160.0,21,3,Bulutlu,16.0,4,0,2,25-34
4890,1420.0,21,3,Bulutlu,11.0,4,0,2,25-34
4891,3035.0,21,3,Soğuk/Karlı,9.0,5,0,2,25-34
4892,3010.0,21,3,Soğuk/Karlı,15.0,3,0,1,25-34
4893,2340.0,21,3,Soğuk/Karlı,16.0,3,0,1,25-34
4894,1750.0,21,3,Soğuk/Karlı,10.0,3,0,1,25-34
4895,3865.0,21,3,Soğuk/Karlı,19.0,3,0,1,25-34
4896,1910.0,21,3,Soğuk/Karlı,18.0,4,0,2,25-34
4897,2945.0,21,3,Yağmurlu,14.0,4,0,2,25-34
4898,1230.0,21,3,Yağmurlu,20.0,2,0,1,25-34
4899,2580.0,21,3,Bulutlu,21.0,4,0,2,25-34
4900,3360.0,21,3,Güneşli,9.0,4,0,2,25-34
4901,200.0,22,3,Güneşli,12.0,2,0,1,25-34
4902,35.0,22,3,Güneşli,17.0,1,0,1,25-34
4903,220.0,22,3,Bulutlu,16.0,2,0,1,25-34
4904,65.0,23,3,Bulutlu,19.0,1,0,1,25-34
4905,85.0,23,3,Yağmurlu,17.0,1,0,1,25-34
4906,45.0,0,4,Yağmurlu,10.0,1,0,1,25-34
4907,45.0,0,4,Yağmurlu,26.0,1,0,1,25-34
4908,285.0,1,4,Güneşli,21.0,2,0,1,25-34
4909,390.0,8,4,Yağmurlu,11.0,2,0,1,25-34
4910,425.0,8,4,Bulutlu,9.0,2,0,1,25-34
4911,1005.0,8,4,Bulutlu,19.0,2,0,1,25-34
4912,970.0,8,4,Güneşli,22.0,2,0,1,25-34
4913,390.0,8,4,Soğuk/Karlı,18.0,2,0,1,25-34
4914,460.0,8,4,Güneşli,8.0,2,0,1,25-34
4915,390.0,8,4,Güneşli,19.0,2,0,1,25-34
4916,1110.0,8,4,Yağmurlu,8.0,2,0,1,25-34
4917,1075.0,8,4,Soğuk/Karlı,22.0,2,0,1,25-34
4918,630.0,8,4,Güneşli,16.0,2,0,1,25-34
4919,460.0,8,4,Güneşli,11.0,2,0,1,25-34
4920,1040.0,8,4,Soğuk/Karlı,25.0,2,0,1,25-34
4921,1040.0,9,4,Güneşli,16.0,2,0,1,25-34
4922,630.0,9,4,Soğuk/Karlı,11.0,2,0,1,25-34
4923,460.0,9,4,Bulutlu,13.0,2,0,1,25-34
4924,1005.0,9,4,Soğuk/Karlı,21.0,2,0,1,25-34
4925,700.0,9,4,Soğuk/Karlı,11.0,2,0,1,25-34
4926,735.0,9,4,Güneşli,8.0,2,0,1,25-34
4927,460.0,9,4,Yağmurlu,19.0,2,0,1,25-34
4928,1040.0,9,4,Güneşli,26.0,2,0,1,25-34
4929,425.0,9,4,Yağmurlu,25.0,2,0,1,25-34
4930,630.0,10,4,Güneşli,23.0,2,0,1,25-34
4931,425.0,10,4,Bulutlu,24.0,2,0,1,25-34
4932,665.0,10,4,Yağmurlu,16.0,2,0,1,25-34
4933,1075.0,10,4,Yağmurlu,20.0,2,0,1,25-34
4934,460.0,10,4,Bulutlu,20.0,2,0,1,25-34
4935,495.0,10,4,Soğuk/Karlı,14.0,2,0,1,25-34
4936,495.0,10,4,Soğuk/Karlı,21.0,2,0,1,25-34
4937,770.0,10,4,Güneşli,26.0,2,0,1,25-34
4938,770.0,10,4,Güneşli,10.0,2,0,1,25-34
4939,970.0,10,4,Soğuk/Karlı,15.0,2,0,1,25-34
4940,390.0,10,4,Güneşli,12.0,2,0,1,25-34
4941,630.0,10,4,Soğuk/Karlı,19.0,2,0,1,25-34
4942,210.0,11,4,Soğuk/Karlı,19.0,2,0,1,25-34
4943,45.0,11,4,Bulutlu,26.0,1,0,1,25-34
4944,340.0,11,4,Güneşli,26.0,2,0,1,25-34
4945,325.0,12,4,Güneşli,15.0,2,0,1,25-34
4946,495.0,12,4,Soğuk/Karlı,16.0,3,0,1,25-34
4947,375.0,12,4,Bulutlu,22.0,2,0,1,25-34
4948,325.0,12,4,Bulutlu,20.0,2,0,1,25-34
4949,495.0,12,4,Yağmurlu,24.0,3,0,1,25-34
4950,465.0,12,4,Güneşli,13.0,2,0,1,25-34
4951,325.0,12,4,Güneşli,24.0,2,0,1,25-34
4952,585.0,12,4,Güneşli,16.0,3,0,1,25-34
4953,355.0,12,4,Bulutlu,23.0,2,0,1,25-34
4954,455.0,12,4,Soğuk/Karlı,18.0,3,0,1,25-34
4955,375.0,12,4,Soğuk/Karlı,26.0,2,0,1,25-34
4956,325.0,12,4,Bulutlu,23.0,2,0,1,25-34
4957,355.0,12,4,Güneşli,22.0,2,0,1,25-34
4958,325.0,12,4,Yağmurlu,24.0,2,0,1,25-34
4959,495.0,12,4,Soğuk/Karlı,12.0,3,0,1,25-34
4960,340.0,12,4,Bulutlu,16.0,2,0,1,25-34
4961,325.0,12,4,Bulutlu,19.0,2,0,1,25-34
4962,495.0,12,4,Bulutlu,26.0,3,0,1,25-34
4963,325.0,12,4,Soğuk/Karlı,14.0,2,0,1,25-34
4964,455.0,12,4,Güneşli,21.0,3,0,1,25-34
4965,585.0,12,4,Soğuk/Karlı,8.0,3,0,1,25-34
4966,445.0,12,4,Güneşli,20.0,2,0,1,25-34
4967,465.0,12,4,Güneşli,15.0,2,0,1,25-34
4968,585.0,12,4,Bulutlu,11.0,3,0,1,25-34
4969,465.0,13,4,Güneşli,25.0,2,0,1,25-34
4970,375.0,13,4,Güneşli,26.0,2,0,1,25-34
4971,355.0,13,4,Yağmurlu,22.0,2,0,1,25-34
4972,325.0,13,4,Bulutlu,21.0,2,0,1,25-34
4973,465.0,13,4,Güneşli,12.0,2,0,1,25-34
4974,325.0,13,4,Bulutlu,17.0,2,0,1,25-34
4975,455.0,13,4,Yağmurlu,10.0,3,0,1,25-34
4976,585.0,13,4,Yağmurlu,13.0,3,0,1,25-34
4977,445.0,13,4,Güneşli,19.0,2,0,1,25-34
4978,395.0,13,4,Yağmurlu,25.0,2,0,1,25-34
4979,445.0,13,4,Güneşli,14.0,2,0,1,25-34
4980,355.0,13,4,Yağmurlu,9.0,2,0,1,25-34
4981,325.0,13,4,Güneşli,22.0,2,0,1,25-34
4982,495.0,13,4,Soğuk/Karlı,9.0,3,0,1,25-34
4983,495.0,13,4,Güneşli,9.0,3,0,1,25-34
4984,455.0,13,4,Bulutlu,16.0,3,0,1,25-34
4985,535.0,13,4,Yağmurlu,10.0,3,0,1,25-34
4986,585.0,13,4,Yağmurlu,26.0,3,0,1,25-34
4987,395.0,13,4,Bulutlu,13.0,2,0,1,25-34
4988,535.0,13,4,Yağmurlu,11.0,3,0,1,25-34
4989,535.0,13,4,Bulutlu,12.0,3,0,1,25-34
4990,325.0,13,4,Bulutlu,21.0,2,0,1,25-34
4991,340.0,13,4,Yağmurlu,21.0,2,0,1,25-34
4992,75.0,14,4,Güneşli,24.0,1,0,1,25-34
4993,255.0,14,4,Yağmurlu,18.0,2,0,1,25-34
4994,115.0,15,4,Güneşli,10.0,1,0,1,25-34
4995,190.0,15,4,Soğuk/Karlı,26.0,2,0,1,25-34
4996,310.0,15,4,Bulutlu,16.0,2,0,1,25-34
4997,75.0,15,4,Yağmurlu,13.0,1,0,1,25-34
4998,65.0,16,4,Bulutlu,12.0,1,0,1,25-34
4999,60.0,16,4,Yağmurlu,13.0,1,0,1,25-34
5000,45.0,16,4,Yağmurlu,20.0,1,0,1,25-34
5001,85.0,17,4,Bulutlu,18.0,1,0,1,25-34
5002,235.0,18,4,Soğuk/Karlı,15.0,2,0,1,25-34
5003,225.0,18,4,Güneşli,19.0,2,0,1,25-34
5004,175.0,18,4,Yağmurlu,24.0,2,0,1,25-34
5005,130.0,18,4,Güneşli,9.0,1,0,1,25-34
5006,2370.0,19,4,Güneşli,22.0,4,0,2,25-34
5007,4240.0,19,4,Soğuk/Karlı,13.0,3,0,1,25-34
5008,1305.0,19,4,Soğuk/Karlı,17.0,3,0,1,25-34
5009,1640.0,19,4,Soğuk/Karlı,18.0,3,0,1,25-34
5010,1720.0,19,4,Yağmurlu,13.0,4,0,2,25-34
5011,1170.0,19,4,Güneşli,18.0,3,0,1,25-34
5012,1935.0,19,4,Güneşli,16.0,2,0,1,25-34
5013,2595.0,19,4,Güneşli,13.0,3,0,1,25-34
5014,3740.0,19,4,Yağmurlu,18.0,3,0,1,25-34
5015,1905.0,19,4,Soğuk/Karlı,16.0,4,0,2,25-34
5016,2740.0,19,4,Yağmurlu,10.0,2,0,1,25-34
5017,3460.0,19,4,Yağmurlu,18.0,4,0,2,25-34
5018,4730.0,19,4,Yağmurlu,9.0,4,0,2,25-34
5019,3560.0,19,4,Yağmurlu,18.0,5,0,2,25-34
5020,1160.0,19,4,Soğuk/Karlı,15.0,2,0,1,25-34
5021,2130.0,19,4,Yağmurlu,24.0,4,0,2,25-34
5022,1220.0,19,4,Bulutlu,9.0,4,0,2,25-34
5023,3640.0,19,4,Yağmurlu,11.0,5,0,2,25-34
5024,2800.0,19,4,Bulutlu,10.0,5,0,2,25-34
5025,1220.0,19,4,Güneşli,9.0,3,0,1,25-34
5026,2160.0,19,4,Yağmurlu,22.0,3,0,1,25-34
5027,1740.0,19,4,Soğuk/Karlı,15.0,3,0,1,25-34
5028,2545.0,19,4,Güneşli,19.0,5,0,2,25-34
5029,1830.0,19,4,Yağmurlu,19.0,5,0,2,25-34
5030,3240.0,19,4,Bulutlu,22.0,2,0,1,25-34
5031,1650.0,19,4,Soğuk/Karlı,15.0,3,0,1,25-34
5032,2385.0,19,4,Güneşli,22.0,3,0,1,25-34
5033,1680.0,19,4,Güneşli,17.0,5,0,2,25-34
5034,3770.0,19,4,Yağmurlu,11.0,5,0,2,25-34
5035,1930.0,19,4,Güneşli,13.0,4,0,2,25-34
5036,3565.0,19,4,Yağmurlu,17.0,4,0,2,25-34
5037,2980.0,19,4,Soğuk/Karlı,16.0,5,0,2,25-34
5038,2270.0,20,4,Soğuk/Karlı,26.0,4,0,2,25-34
5039,4075.0,20,4,Bulutlu,22.0,2,0,1,25-34
5040,1715.0,20,4,Soğuk/Karlı,19.0,3,0,1,25-34
5041,2670.0,20,4,Bulutlu,10.0,4,0,2,25-34
5042,3125.0,20,4,Güneşli,22.0,3,0,1,25-34
5043,1765.0,20,4,Yağmurlu,12.0,3,0,1,25-34
5044,1160.0,20,4,Soğuk/Karlı,16.0,3,0,1,25-34
5045,3400.0,20,4,Bulutlu,21.0,4,0,2,25-34
5046,3940.0,20,4,Soğuk/Karlı,24.0,4,0,2,25-34
5047,3230.0,20,4,Güneşli,10.0,4,0,2,25-34
5048,2430.0,20,4,Yağmurlu,15.0,3,0,1,25-34
5049,2300.0,20,4,Güneşli,8.0,3,0,1,25-34
5050,2005.0,20,4,Soğuk/Karlı,24.0,4,0,2,25-34
5051,1860.0,20,4,Soğuk/Karlı,17.0,3,0,1,25-34
5052,2700.0,20,4,Soğuk/Karlı,21.0,2,0,1,25-34
5053,4495.0,20,4,Güneşli,12.0,5,0,2,25-34
5054,1085.0,21,4,Güneşli,9.0,4,0,2,25-34
5055,2590.0,21,4,Güneşli,18.0,4,0,2,25-34
5056,2765.0,21,4,Yağmurlu,20.0,3,0,1,25-34
5057,2760.0,21,4,Bulutlu,18.0,5,0,2,25-34
5058,1500.0,21,4,Soğuk/Karlı,8.0,1,0,1,25-34
5059,2130.0,21,4,Soğuk/Karlı,15.0,3,0,1,25-34
5060,3425.0,21,4,Güneşli,18.0,2,0,1,25-34
5061,3200.0,21,4,Soğuk/Karlı,20.0,3,0,1,25-34
5062,2400.0,21,4,Güneşli,11.0,3,0,1,25-34
5063,1990.0,21,4,Yağmurlu,10.0,3,0,1,25-34
5064,3730.0,21,4,Bulutlu,16.0,3,0,1,25-34
5065,1360.0,21,4,Bulutlu,18.0,4,0,2,25-34
5066,3165.0,21,4,Güneşli,13.0,3,0,1,25-34
5067,2160.0,21,4,Yağmurlu,22.0,3,0,1,25-34
5068,2170.0,21,4,Bulutlu,19.0,5,0,2,25-34
5069,1620.0,21,4,Yağmurlu,26.0,4,0,2,25-34
5070,1850.0,21,4,Yağmurlu,19.0,3,0,1,25-34
5071,1470.0,21,4,Soğuk/Karlı,24.0,1,0,1,25-34
5072,3270.0,21,4,Güneşli,13.0,3,0,1,25-34
5073,1770.0,21,4,Güneşli,13.0,3,0,1,25-34
5074,4215.0,21,4,Yağmurlu,17.0,4,0,2,25-34
5075,1555.0,21,4,Soğuk/Karlı,22.0,5,0,2,25-34
5076,2150.0,21,4,Bulutlu,25.0,4,0,2,25-34
5077,145.0,22,4,Soğuk/Karlı,25.0,2,0,1,25-34
5078,240.0,22,4,Soğuk/Karlı,13.0,2,0,1,25-34
5079,35.0,22,4,Bulutlu,12.0,1,0,1,25-34
5080,315.0,22,4,Güneşli,25.0,2,0,1,25-34
5081,305.0,23,4,Güneşli,12.0,2,0,1,25-34
5082,65.0,0,5,Soğuk/Karlı,21.0,1,0,1,25-34
5083,300.0,0,5,Yağmurlu,8.0,2,0,1,25-34
5084,275.0,0,5,Güneşli,26.0,2,0,1,25-34
5085,65.0,1,5,Güneşli,16.0,1,0,1,25-34
5086,45.0,1,5,Güneşli,13.0,1,0,1,25-34
5087,700.0,8,5,Yağmurlu,17.0,2,0,1,25-34
5088,460.0,8,5,Yağmurlu,19.0,2,0,1,25-34
5089,970.0,8,5,Güneşli,25.0,2,0,1,25-34
5090,1075.0,8,5,Güneşli,17.0,2,0,1,25-34
5091,700.0,8,5,Güneşli,19.0,2,0,1,25-34
5092,700.0,8,5,Güneşli,9.0,2,0,1,25-34
5093,390.0,8,5,Bulutlu,9.0,2,0,1,25-34
5094,665.0,8,5,Güneşli,19.0,2,0,1,25-34
5095,425.0,8,5,Güneşli,10.0,2,0,1,25-34
5096,770.0,8,5,Güneşli,17.0,2,0,1,25-34
5097,770.0,8,5,Güneşli,18.0,2,0,1,25-34
5098,630.0,8,5,Yağmurlu,24.0,2,0,1,25-34
5099,630.0,9,5,Güneşli,19.0,2,0,1,25-34
5100,460.0,9,5,Yağmurlu,12.0,2,0,1,25-34
5101,970.0,9,5,Güneşli,19.0,2,0,1,25-34
5102,970.0,9,5,Güneşli,19.0,2,0,1,25-34
5103,1040.0,9,5,Yağmurlu,20.0,2,0,1,25-34
5104,1005.0,9,5,Soğuk/Karlı,11.0,2,0,1,25-34
5105,970.0,9,5,Bulutlu,12.0,2,0,1,25-34
5106,495.0,9,5,Güneşli,21.0,2,0,1,25-34
5107,1110.0,9,5,Güneşli,9.0,2,0,1,25-34
5108,425.0,9,5,Bulutlu,25.0,2,0,1,25-34
5109,630.0,10,5,Soğuk/Karlı,14.0,2,0,1,25-34
5110,1005.0,10,5,Güneşli,10.0,2,0,1,25-34
5111,970.0,10,5,Soğuk/Karlı,13.0,2,0,1,25-34
5112,425.0,10,5,Bulutlu,26.0,2,0,1,25-34
5113,630.0,10,5,Soğuk/Karlı,20.0,2,0,1,25-34
5114,1005.0,10,5,Bulutlu,12.0,2,0,1,25-34
5115,460.0,10,5,Güneşli,23.0,2,0,1,25-34
5116,735.0,10,5,Soğuk/Karlı,25.0,2,0,1,25-34
5117,630.0,10,5,Bulutlu,14.0,2,0,1,25-34
5118,1075.0,10,5,Yağmurlu,10.0,2,0,1,25-34
5119,255.0,11,5,Bulutlu,9.0,2,0,1,25-34
5120,75.0,11,5,Bulutlu,13.0,1,0,1,25-34
5121,65.0,11,5,Soğuk/Karlı,13.0,1,0,1,25-34
5122,115.0,11,5,Yağmurlu,23.0,1,0,1,25-34
5123,340.0,12,5,Yağmurlu,14.0,2,0,1,25-34
5124,355.0,12,5,Güneşli,25.0,2,0,1,25-34
5125,455.0,12,5,Güneşli,21.0,3,0,1,25-34
5126,465.0,12,5,Güneşli,13.0,2,0,1,25-34
5127,325.0,12,5,Yağmurlu,10.0,2,0,1,25-34
5128,375.0,12,5,Bulutlu,9.0,2,0,1,25-34
5129,445.0,12,5,Bulutlu,11.0,2,0,1,25-34
5130,355.0,12,5,Güneşli,21.0,2,0,1,25-34
5131,340.0,12,5,Bulutlu,20.0,2,0,1,25-34
5132,495.0,12,5,Bulutlu,17.0,3,0,1,25-34
5133,455.0,12,5,Güneşli,23.0,3,0,1,25-34
5134,465.0,12,5,Yağmurlu,26.0,2,0,1,25-34
5135,585.0,12,5,Güneşli,11.0,3,0,1,25-34
5136,340.0,12,5,Yağmurlu,24.0,2,0,1,25-34
5137,325.0,12,5,Bulutlu,15.0,2,0,1,25-34
5138,325.0,12,5,Bulutlu,18.0,2,0,1,25-34
5139,340.0,12,5,Bulutlu,22.0,2,0,1,25-34
5140,375.0,12,5,Güneşli,25.0,2,0,1,25-34
5141,455.0,12,5,Güneşli,13.0,3,0,1,25-34
5142,445.0,12,5,Yağmurlu,20.0,2,0,1,25-34
5143,340.0,13,5,Bulutlu,14.0,2,0,1,25-34
5144,340.0,13,5,Bulutlu,23.0,2,0,1,25-34
5145,495.0,13,5,Soğuk/Karlı,24.0,3,0,1,25-34
5146,375.0,13,5,Yağmurlu,22.0,2,0,1,25-34
5147,340.0,13,5,Bulutlu,10.0,2,0,1,25-34
5148,325.0,13,5,Soğuk/Karlı,25.0,2,0,1,25-34
5149,495.0,13,5,Yağmurlu,8.0,3,0,1,25-34
5150,340.0,13,5,Bulutlu,16.0,2,0,1,25-34
5151,535.0,13,5,Soğuk/Karlı,11.0,3,0,1,25-34
5152,395.0,13,5,Soğuk/Karlı,15.0,2,0,1,25-34
5153,445.0,13,5,Bulutlu,13.0,2,0,1,25-34
5154,375.0,13,5,Yağmurlu,18.0,2,0,1,25-34
5155,495.0,13,5,Yağmurlu,21.0,3,0,1,25-34
5156,355.0,13,5,Güneşli,18.0,2,0,1,25-34
5157,375.0,13,5,Yağmurlu,21.0,2,0,1,25-34
5158,340.0,13,5,Soğuk/Karlı,21.0,2,0,1,25-34
5159,495.0,13,5,Soğuk/Karlı,17.0,3,0,1,25-34
5160,495.0,13,5,Yağmurlu,16.0,3,0,1,25-34
5161,465.0,13,5,Güneşli,21.0,2,0,1,25-34
5162,375.0,13,5,Yağmurlu,24.0,2,0,1,25-34
5163,325.0,13,5,Yağmurlu,10.0,2,0,1,25-34
5164,375.0,13,5,Soğuk/Karlı,22.0,2,0,1,25-34
5165,210.0,14,5,Bulutlu,12.0,2,0,1,25-34
5166,75.0,14,5,Bulutlu,24.0,1,0,1,25-34
5167,65.0,15,5,Soğuk/Karlı,11.0,1,0,1,25-34
5168,115.0,15,5,Bulutlu,17.0,1,0,1,25-34
5169,115.0,15,5,Soğuk/Karlı,19.0,1,0,1,25-34
5170,75.0,16,5,Yağmurlu,26.0,1,0,1,25-34
5171,185.0,17,5,Soğuk/Karlı,25.0,2,0,1,25-34
5172,35.0,17,5,Soğuk/Karlı,24.0,1,0,1,25-34
5173,305.0,17,5,Bulutlu,17.0,2,0,1,25-34
5174,255.0,18,5,Yağmurlu,23.0,2,0,1,25-34
5175,170.0,18,5,Soğuk/Karlı,19.0,2,0,1,25-34
5176,115.0,18,5,Soğuk/Karlı,19.0,1,0,1,25-34
5177,2685.0,19,5,Güneşli,21.0,4,0,2,25-34
5178,3655.0,19,5,Güneşli,16.0,4,0,2,25-34
5179,1680.0,19,5,Bulutlu,21.0,4,0,2,25-34
5180,1945.0,19,5,Bulutlu,8.0,5,0,2,25-34
5181,1190.0,19,5,Bulutlu,16.0,2,0,1,25-34
5182,3180.0,19,5,Yağmurlu,13.0,4,0,2,25-34
5183,1495.0,19,5,Bulutlu,26.0,4,0,2,25-34
5184,2185.0,19,5,Soğuk/Karlı,22.0,5,0,2,25-34
5185,2855.0,19,5,Soğuk/Karlı,15.0,4,0,2,25-34
5186,2040.0,19,5,Bulutlu,16.0,5,0,2,25-34
5187,3420.0,19,5,Güneşli,21.0,4,0,2,25-34
5188,3525.0,19,5,Güneşli,11.0,5,0,2,25-34
5189,2615.0,19,5,Güneşli,11.0,3,0,1,25-34
5190,3945.0,19,5,Soğuk/Karlı,11.0,2,0,1,25-34
5191,1730.0,19,5,Bulutlu,10.0,5,0,2,25-34
5192,1700.0,19,5,Bulutlu,22.0,4,0,2,25-34
5193,2920.0,19,5,Yağmurlu,14.0,3,0,1,25-34
5194,2510.0,19,5,Yağmurlu,15.0,4,0,2,25-34
5195,4195.0,19,5,Yağmurlu,9.0,5,0,2,25-34
5196,3300.0,19,5,Güneşli,23.0,4,0,2,25-34
5197,1635.0,19,5,Soğuk/Karlı,26.0,4,0,2,25-34
5198,3960.0,19,5,Yağmurlu,8.0,4,0,2,25-34
5199,1450.0,19,5,Yağmurlu,8.0,2,0,1,25-34
5200,3325.0,19,5,Bulutlu,24.0,4,0,2,25-34
5201,1740.0,19,5,Yağmurlu,25.0,3,0,1,25-34
5202,3715.0,19,5,Güneşli,22.0,4,0,2,25-34
5203,2115.0,19,5,Soğuk/Karlı,11.0,4,0,2,25-34
5204,3580.0,19,5,Bulutlu,12.0,4,0,2,25-34
5205,1785.0,19,5,Bulutlu,21.0,3,0,1,25-34
5206,2880.0,19,5,Yağmurlu,17.0,3,0,1,25-34
5207,4485.0,19,5,Güneşli,13.0,4,0,2,25-34
5208,1505.0,19,5,Güneşli,20.0,4,0,2,25-34
5209,1750.0,19,5,Güneşli,10.0,4,0,2,25-34
5210,2560.0,20,5,Bulutlu,20.0,3,0,1,25-34
5211,1420.0,20,5,Soğuk/Karlı,23.0,4,0,2,25-34
5212,3640.0,20,5,Soğuk/Karlı,12.0,4,0,2,25-34
5213,3600.0,20,5,Soğuk/Karlı,14.0,5,0,2,25-34
5214,3245.0,20,5,Soğuk/Karlı,19.0,3,0,1,25-34
5215,2220.0,20,5,Yağmurlu,25.0,3,0,1,25-34
5216,3900.0,20,5,Güneşli,13.0,3,0,1,25-34
5217,3550.0,20,5,Soğuk/Karlı,24.0,4,0,2,25-34
5218,2445.0,20,5,Bulutlu,9.0,5,0,2,25-34
5219,3345.0,20,5,Yağmurlu,12.0,3,0,1,25-34
5220,2355.0,20,5,Soğuk/Karlı,10.0,3,0,1,25-34
5221,2385.0,20,5,Yağmurlu,19.0,5,0,2,25-34
5222,3060.0,20,5,Bulutlu,14.0,3,0,1,25-34
5223,1325.0,20,5,Yağmurlu,8.0,3,0,1,25-34
5224,2025.0,20,5,Bulutlu,23.0,4,0,2,25-34
5225,1340.0,20,5,Yağmurlu,20.0,4,0,2,25-34
5226,2560.0,20,5,Soğuk/Karlı,11.0,4,0,2,25-34
5227,1650.0,20,5,Soğuk/Karlı,13.0,3,0,1,25-34
5228,3695.0,20,5,Bulutlu,25.0,4,0,2,25-34
5229,1610.0,21,5,Bulutlu,21.0,5,0,2,25-34
5230,3100.0,21,5,Soğuk/Karlı,19.0,3,0,1,25-34
5231,2085.0,21,5,Güneşli,20.0,4,0,2,25-34
5232,4190.0,21,5,Soğuk/Karlı,13.0,4,0,2,25-34
5233,1465.0,21,5,Yağmurlu,24.0,4,0,2,25-34
5234,1605.0,21,5,Bulutlu,10.0,4,0,2,25-34
5235,2940.0,21,5,Soğuk/Karlı,13.0,3,0,1,25-34
5236,1580.0,21,5,Bulutlu,10.0,3,0,1,25-34
5237,4055.0,21,5,Güneşli,26.0,3,0,1,25-34
5238,4570.0,21,5,Bulutlu,23.0,5,0,2,25-34
5239,1725.0,21,5,Bulutlu,17.0,4,0,2,25-34
5240,4000.0,21,5,Yağmurlu,13.0,3,0,1,25-34
5241,1720.0,21,5,Yağmurlu,8.0,5,0,2,25-34
5242,2200.0,21,5,Güneşli,14.0,5,0,2,25-34
5243,4015.0,21,5,Güneşli,16.0,4,0,2,25-34
5244,1640.0,21,5,Bulutlu,26.0,4,0,2,25-34
5245,1870.0,21,5,Yağmurlu,18.0,3,0,1,25-34
5246,3785.0,21,5,Yağmurlu,25.0,4,0,2,25-34
5247,1740.0,21,5,Yağmurlu,11.0,4,0,2,25-34
5248,3240.0,21,5,Soğuk/Karlı,18.0,3,0,1,25-34
5249,2920.0,21,5,Bulutlu,15.0,5,0,2,25-34
5250,2500.0,21,5,Bulutlu,11.0,4,0,2,25-34
5251,2595.0,21,5,Bulutlu,18.0,4,0,2,25-34
5252,220.0,22,5,Yağmurlu,25.0,2,0,1,25-34
5253,270.0,22,5,Bulutlu,21.0,2,0,1,25-34
5254,85.0,23,5,Güneşli,13.0,1,0,1,25-34
5255,60.0,23,5,Güneşli,13.0,1,0,1,25-34
5256,65.0,23,5,Yağmurlu,13.0,1,0,1,25-34
5257,65.0,23,5,Soğuk/Karlı,9.0,1,0,1,25-34
5258,75.0,0,6,Yağmurlu,26.0,1,1,1,25-34
5259,65.0,0,6,Soğuk/Karlı,26.0,1,1,1,25-34
5260,285.0,1,6,Yağmurlu,24.0,2,1,1,25-34
5261,65.0,1,6,Soğuk/Karlı,9.0,1,1,1,25-34
5262,60.0,1,6,Yağmurlu,23.0,1,1,1,25-34
5263,425.0,8,6,Güneşli,20.0,2,1,1,25-34
5264,770.0,8,6,Güneşli,10.0,2,1,1,25-34
5265,425.0,8,6,Yağmurlu,24.0,2,1,1,25-34
5266,735.0,8,6,Güneşli,11.0,2,1,1,25-34
5267,770.0,8,6,Yağmurlu,18.0,2,1,1,25-34
5268,460.0,8,6,Yağmurlu,22.0,2,1,1,25-34
5269,970.0,8,6,Yağmurlu,23.0,2,1,1,25-34
5270,665.0,8,6,Soğuk/Karlı,14.0,2,1,1,25-34
5271,495.0,8,6,Güneşli,18.0,2,1,1,25-34
5272,460.0,9,6,Yağmurlu,19.0,2,1,1,25-34
5273,460.0,9,6,Yağmurlu,21.0,2,1,1,25-34
5274,970.0,9,6,Yağmurlu,14.0,2,1,1,25-34
5275,1040.0,9,6,Soğuk/Karlı,14.0,2,1,1,25-34
5276,1040.0,9,6,Güneşli,25.0,2,1,1,25-34
5277,495.0,9,6,Bulutlu,14.0,2,1,1,25-34
5278,1110.0,9,6,Soğuk/Karlı,19.0,2,1,1,25-34
5279,970.0,9,6,Bulutlu,17.0,2,1,1,25-34
5280,390.0,10,6,Soğuk/Karlı,25.0,2,1,1,25-34
5281,970.0,10,6,Soğuk/Karlı,9.0,2,1,1,25-34
5282,1040.0,10,6,Yağmurlu,17.0,2,1,1,25-34
5283,1110.0,10,6,Soğuk/Karlı,21.0,2,1,1,25-34
5284,770.0,10,6,Soğuk/Karlı,15.0,2,1,1,25-34
5285,700.0,10,6,Yağmurlu,13.0,2,1,1,25-34
5286,630.0,10,6,Yağmurlu,24.0,2,1,1,25-34
5287,460.0,10,6,Yağmurlu,14.0,2,1,1,25-34
5288,255.0,11,6,Yağmurlu,25.0,2,1,1,25-34
5289,35.0,11,6,Soğuk/Karlı,11.0,1,1,1,25-34
5290,75.0,11,6,Soğuk/Karlı,17.0,1,1,1,25-34
5291,75.0,11,6,Soğuk/Karlı,14.0,1,1,1,25-34
5292,340.0,12,6,Bulutlu,23.0,2,1,1,25-34
5293,340.0,12,6,Yağmurlu,13.0,2,1,1,25-34
5294,355.0,12,6,Bulutlu,20.0,2,1,1,25-34
5295,355.0,12,6,Güneşli,18.0,2,1,1,25-34
5296,355.0,12,6,Güneşli,9.0,2,1,1,25-34
5297,325.0,12,6,Soğuk/Karlı,18.0,2,1,1,25-34
5298,395.0,12,6,Soğuk/Karlı,12.0,2,1,1,25-34
5299,355.0,12,6,Güneşli,13.0,2,1,1,25-34
5300,395.0,12,6,Güneşli,12.0,2,1,1,25-34
5301,340.0,12,6,Soğuk/Karlı,10.0,2,1,1,25-34
5302,495.0,12,6,Yağmurlu,24.0,3,1,1,25-34
5303,445.0,12,6,Yağmurlu,17.0,2,1,1,25-34
5304,495.0,12,6,Soğuk/Karlı,22.0,3,1,1,25-34
5305,325.0,12,6,Bulutlu,15.0,2,1,1,25-34
5306,375.0,12,6,Bulutlu,24.0,2,1,1,25-34
5307,355.0,12,6,Yağmurlu,22.0,2,1,1,25-34
5308,495.0,13,6,Güneşli,25.0,3,1,1,25-34
5309,325.0,13,6,Yağmurlu,11.0,2,1,1,25-34
5310,375.0,13,6,Güneşli,11.0,2,1,1,25-34
5311,585.0,13,6,Güneşli,12.0,3,1,1,25-34
5312,375.0,13,6,Güneşli,9.0,2,1,1,25-34
5313,495.0,13,6,Yağmurlu,12.0,3,1,1,25-34
5314,455.0,13,6,Bulutlu,23.0,3,1,1,25-34
5315,535.0,13,6,Soğuk/Karlı,21.0,3,1,1,25-34
5316,585.0,13,6,Bulutlu,10.0,3,1,1,25-34
5317,535.0,13,6,Bulutlu,8.0,3,1,1,25-34
5318,495.0,13,6,Soğuk/Karlı,17.0,3,1,1,25-34
5319,340.0,13,6,Soğuk/Karlı,11.0,2,1,1,25-34
5320,585.0,13,6,Soğuk/Karlı,25.0,3,1,1,25-34
5321,535.0,13,6,Yağmurlu,11.0,3,1,1,25-34
5322,585.0,13,6,Bulutlu,11.0,3,1,1,25-34
5323,495.0,13,6,Bulutlu,24.0,3,1,1,25-34
5324,340.0,13,6,Bulutlu,15.0,2,1,1,25-34
5325,585.0,13,6,Yağmurlu,21.0,3,1,1,25-34
5326,395.0,13,6,Güneşli,22.0,2,1,1,25-34
5327,495.0,13,6,Bulutlu,16.0,3,1,1,25-34
5328,355.0,13,6,Bulutlu,12.0,2,1,1,25-34
5329,85.0,14,6,Yağmurlu,25.0,1,1,1,25-34
5330,115.0,15,6,Soğuk/Karlı,12.0,1,1,1,25-34
5331,190.0,15,6,Güneşli,8.0,2,1,1,25-34
5332,140.0,16,6,Soğuk/Karlı,9.0,2,1,1,25-34
5333,75.0,16,6,Güneşli,24.0,1,1,1,25-34
5334,255.0,17,6,Soğuk/Karlı,18.0,2,1,1,25-34
5335,35.0,18,6,Güneşli,15.0,1,1,1,25-34
5336,285.0,18,6,Yağmurlu,12.0,2,1,1,25-34
5337,285.0,18,6,Yağmurlu,11.0,2,1,1,25-34
5338,60.0,18,6,Yağmurlu,20.0,1,1,1,25-34
5339,1630.0,19,6,Güneşli,11.0,5,1,2,25-34
5340,2190.0,19,6,Bulutlu,8.0,3,1,1,25-34
5341,3780.0,19,6,Soğuk/Karlı,14.0,3,1,1,25-34
5342,1815.0,19,6,Soğuk/Karlı,20.0,2,1,1,25-34
5343,2505.0,19,6,Yağmurlu,18.0,4,1,2,25-34
5344,2430.0,19,6,Bulutlu,22.0,4,1,2,25-34
5345,3835.0,19,6,Güneşli,15.0,4,1,2,25-34
5346,2645.0,19,6,Soğuk/Karlı,24.0,4,1,2,25-34
5347,3495.0,19,6,Soğuk/Karlı,18.0,5,1,2,25-34
5348,4120.0,19,6,Yağmurlu,20.0,5,1,2,25-34
5349,1520.0,19,6,Bulutlu,19.0,3,1,1,25-34
5350,4450.0,19,6,Yağmurlu,13.0,5,1,2,25-34
5351,4530.0,19,6,Güneşli,12.0,4,1,2,25-34
5352,1240.0,19,6,Yağmurlu,24.0,2,1,1,25-34
5353,1695.0,19,6,Bulutlu,10.0,3,1,1,25-34
5354,2660.0,19,6,Bulutlu,12.0,5,1,2,25-34
5355,1920.0,19,6,Bulutlu,26.0,3,1,1,25-34
5356,1220.0,19,6,Güneşli,21.0,3,1,1,25-34
5357,1495.0,19,6,Bulutlu,12.0,5,1,2,25-34
5358,2500.0,20,6,Bulutlu,25.0,3,1,1,25-34
5359,2100.0,20,6,Bulutlu,9.0,4,1,2,25-34
5360,2840.0,20,6,Güneşli,24.0,4,1,2,25-34
5361,3765.0,20,6,Soğuk/Karlı,19.0,4,1,2,25-34
5362,2250.0,20,6,Soğuk/Karlı,17.0,5,1,2,25-34
5363,3245.0,20,6,Soğuk/Karlı,15.0,5,1,2,25-34
5364,2070.0,20,6,Soğuk/Karlı,19.0,5,1,2,25-34
5365,3490.0,20,6,Güneşli,26.0,4,1,2,25-34
5366,3465.0,20,6,Yağmurlu,21.0,3,1,1,25-34
5367,4385.0,20,6,Soğuk/Karlı,18.0,4,1,2,25-34
5368,2740.0,20,6,Bulutlu,22.0,1,1,1,25-34
5369,2070.0,20,6,Yağmurlu,19.0,3,1,1,25-34
5370,1975.0,20,6,Bulutlu,25.0,4,1,2,25-34
5371,2745.0,20,6,Güneşli,13.0,4,1,2,25-34
5372,3815.0,20,6,Soğuk/Karlı,13.0,3,1,1,25-34
5373,3295.0,20,6,Güneşli,19.0,5,1,2,25-34
5374,2280.0,20,6,Bulutlu,13.0,2,1,1,25-34
5375,2400.0,20,6,Soğuk/Karlı,24.0,4,1,2,25-34
5376,2930.0,21,6,Yağmurlu,13.0,3,1,1,25-34
5377,3555.0,21,6,Güneşli,20.0,3,1,1,25-34
5378,1905.0,21,6,Yağmurlu,12.0,3,1,1,25-34
5379,3120.0,21,6,Güneşli,14.0,3,1,1,25-34
5380,3865.0,21,6,Yağmurlu,18.0,4,1,2,25-34
5381,1720.0,21,6,Güneşli,12.0,4,1,2,25-34
5382,3495.0,21,6,Soğuk/Karlı,12.0,3,1,1,25-34
5383,1820.0,21,6,Bulutlu,16.0,3,1,1,25-34
5384,3640.0,21,6,Bulutlu,17.0,4,1,2,25-34
5385,3045.0,21,6,Yağmurlu,21.0,3,1,1,25-34
5386,3460.0,21,6,Güneşli,11.0,5,1,2,25-34
5387,2950.0,21,6,Güneşli,12.0,5,1,2,25-34
5388,2160.0,21,6,Yağmurlu,26.0,3,1,1,25-34
5389,3445.0,21,6,Yağmurlu,17.0,4,1,2,25-34
5390,3340.0,21,6,Yağmurlu,19.0,3,1,1,25-34
5391,3030.0,21,6,Soğuk/Karlı,12.0,3,1,1,25-34
5392,2920.0,21,6,Güneşli,9.0,3,1,1,25-34
5393,3605.0,21,6,Yağmurlu,18.0,3,1,1,25-34
5394,1510.0,21,6,Bulutlu,9.0,5,1,2,25-34
5395,75.0,22,6,Güneşli,15.0,1,1,1,25-34
5396,85.0,22,6,Yağmurlu,9.0,1,1,1,25-34
5397,85.0,22,6,Güneşli,23.0,1,1,1,25-34
5398,115.0,22,6,Bulutlu,17.0,1,1,1,25-34
5399,295.0,23,6,Soğuk/Karlı,13.0,2,1,1,25-34
5400,185.0,23,6,Güneşli,26.0,2,1,1,25-34
5401,130.0,23,6,Soğuk/Karlı,17.0,1,1,1,25-34
5402,115.0,0,0,Bulutlu,19.0,1,1,1,25-34
5403,115.0,0,0,Güneşli,12.0,1,1,1,25-34
5404,175.0,1,0,Soğuk/Karlı,10.0,2,1,1,25-34
5405,85.0,1,0,Soğuk/Karlı,8.0,1,1,1,25-34
5406,770.0,8,0,Güneşli,16.0,2,1,1,25-34
5407,1075.0,8,0,Bulutlu,19.0,2,1,1,25-34
5408,460.0,8,0,Bulutlu,9.0,2,1,1,25-34
5409,390.0,8,0,Güneşli,18.0,2,1,1,25-34
5410,1110.0,8,0,Yağmurlu,18.0,2,1,1,25-34
5411,460.0,8,0,Yağmurlu,9.0,2,1,1,25-34
5412,460.0,8,0,Soğuk/Karlı,20.0,2,1,1,25-34
5413,770.0,8,0,Yağmurlu,21.0,2,1,1,25-34
5414,735.0,8,0,Bulutlu,20.0,2,1,1,25-34
5415,1005.0,8,0,Soğuk/Karlı,18.0,2,1,1,25-34
5416,630.0,8,0,Bulutlu,14.0,2,1,1,25-34
5417,630.0,8,0,Bulutlu,18.0,2,1,1,25-34
5418,735.0,9,0,Bulutlu,12.0,2,1,1,25-34
5419,425.0,9,0,Bulutlu,13.0,2,1,1,25-34
5420,1005.0,9,0,Bulutlu,8.0,2,1,1,25-34
5421,735.0,9,0,Bulutlu,10.0,2,1,1,25-34
5422,1110.0,9,0,Güneşli,15.0,2,1,1,25-34
5423,735.0,9,0,Güneşli,12.0,2,1,1,25-34
5424,530.0,9,0,Bulutlu,9.0,2,1,1,25-34
5425,1040.0,9,0,Yağmurlu,18.0,2,1,1,25-34
5426,700.0,9,0,Bulutlu,19.0,2,1,1,25-34
5427,770.0,10,0,Bulutlu,24.0,2,1,1,25-34
5428,700.0,10,0,Güneşli,17.0,2,1,1,25-34
5429,630.0,10,0,Yağmurlu,25.0,2,1,1,25-34
5430,390.0,10,0,Yağmurlu,19.0,2,1,1,25-34
5431,1075.0,10,0,Soğuk/Karlı,14.0,2,1,1,25-34
5432,630.0,10,0,Soğuk/Karlı,12.0,2,1,1,25-34
5433,1005.0,10,0,Soğuk/Karlı,17.0,2,1,1,25-34
5434,1075.0,10,0,Yağmurlu,12.0,2,1,1,25-34
5435,1040.0,10,0,Güneşli,17.0,2,1,1,25-34
5436,45.0,11,0,Güneşli,13.0,1,1,1,25-34
5437,145.0,11,0,Bulutlu,15.0,2,1,1,25-34
5438,465.0,12,0,Soğuk/Karlı,10.0,2,1,1,25-34
5439,455.0,12,0,Güneşli,26.0,3,1,1,25-34
5440,325.0,12,0,Bulutlu,21.0,2,1,1,25-34
5441,355.0,12,0,Yağmurlu,9.0,2,1,1,25-34
5442,445.0,12,0,Güneşli,26.0,2,1,1,25-34
5443,495.0,12,0,Yağmurlu,8.0,3,1,1,25-34
5444,445.0,12,0,Güneşli,22.0,2,1,1,25-34
5445,375.0,12,0,Yağmurlu,19.0,2,1,1,25-34
5446,375.0,12,0,Bulutlu,13.0,2,1,1,25-34
5447,585.0,12,0,Yağmurlu,21.0,3,1,1,25-34
5448,375.0,12,0,Bulutlu,22.0,2,1,1,25-34
5449,455.0,12,0,Bulutlu,12.0,3,1,1,25-34
5450,340.0,13,0,Yağmurlu,8.0,2,1,1,25-34
5451,495.0,13,0,Soğuk/Karlı,22.0,3,1,1,25-34
5452,535.0,13,0,Soğuk/Karlı,26.0,3,1,1,25-34
5453,395.0,13,0,Soğuk/Karlı,26.0,2,1,1,25-34
5454,340.0,13,0,Yağmurlu,23.0,2,1,1,25-34
5455,340.0,13,0,Güneşli,17.0,2,1,1,25-34
5456,355.0,13,0,Yağmurlu,23.0,2,1,1,25-34
5457,495.0,13,0,Bulutlu,17.0,3,1,1,25-34
5458,495.0,13,0,Bulutlu,12.0,3,1,1,25-34
5459,375.0,13,0,Güneşli,10.0,2,1,1,25-34
5460,585.0,13,0,Soğuk/Karlı,20.0,3,1,1,25-34
5461,495.0,13,0,Yağmurlu,8.0,3,1,1,25-34
5462,535.0,13,0,Soğuk/Karlı,23.0,3,1,1,25-34
5463,355.0,13,0,Bulutlu,12.0,2,1,1,25-34
5464,465.0,13,0,Güneşli,22.0,2,1,1,25-34
5465,455.0,13,0,Bulutlu,14.0,3,1,1,25-34
5466,115.0,14,0,Yağmurlu,22.0,1,1,1,25-34
5467,130.0,14,0,Güneşli,8.0,1,1,1,25-34
5468,65.0,14,0,Yağmurlu,12.0,1,1,1,25-34
5469,340.0,15,0,Soğuk/Karlı,25.0,2,1,1,25-34
5470,85.0,15,0,Güneşli,20.0,1,1,1,25-34
5471,260.0,16,0,Yağmurlu,18.0,2,1,1,25-34
5472,340.0,16,0,Bulutlu,21.0,2,1,1,25-34
5473,130.0,16,0,Soğuk/Karlı,20.0,1,1,1,25-34
5474,35.0,16,0,Güneşli,22.0,1,1,1,25-34
5475,60.0,17,0,Soğuk/Karlı,14.0,1,1,1,25-34
5476,45.0,17,0,Bulutlu,16.0,1,1,1,25-34
5477,240.0,18,0,Yağmurlu,26.0,2,1,1,25-34
5478,350.0,18,0,Güneşli,13.0,2,1,1,25-34
5479,65.0,18,0,Yağmurlu,23.0,1,1,1,25-34
5480,310.0,18,0,Yağmurlu,26.0,2,1,1,25-34
5481,3940.0,19,0,Yağmurlu,10.0,4,1,2,25-34
5482,1500.0,19,0,Soğuk/Karlı,21.0,4,1,2,25-34
5483,2160.0,19,0,Güneşli,16.0,2,1,1,25-34
5484,1520.0,19,0,Güneşli,19.0,4,1,2,25-34
5485,2490.0,19,0,Bulutlu,24.0,3,1,1,25-34
5486,4430.0,19,0,Güneşli,15.0,5,1,2,25-34
5487,3850.0,19,0,Yağmurlu,11.0,5,1,2,25-34
5488,2295.0,19,0,Bulutlu,9.0,4,1,2,25-34
5489,2135.0,19,0,Bulutlu,26.0,4,1,2,25-34
5490,2625.0,19,0,Bulutlu,16.0,4,1,2,25-34
5491,2840.0,19,0,Yağmurlu,14.0,2,1,1,25-34
5492,1925.0,19,0,Soğuk/Karlı,26.0,4,1,2,25-34
5493,2660.0,19,0,Güneşli,21.0,3,1,1,25-34
5494,3195.0,19,0,Soğuk/Karlı,12.0,4,1,2,25-34
5495,2760.0,19,0,Bulutlu,10.0,4,1,2,25-34
5496,1935.0,19,0,Yağmurlu,9.0,5,1,2,25-34
5497,2280.0,19,0,Yağmurlu,25.0,4,1,2,25-34
5498,2015.0,19,0,Güneşli,16.0,5,1,2,25-34
5499,2430.0,19,0,Güneşli,14.0,4,1,2,25-34
5500,2120.0,19,0,Bulutlu,17.0,4,1,2,25-34
5501,1335.0,19,0,Güneşli,12.0,3,1,1,25-34
5502,2580.0,20,0,Yağmurlu,9.0,5,1,2,25-34
5503,3900.0,20,0,Yağmurlu,10.0,3,1,1,25-34
5504,3180.0,20,0,Yağmurlu,22.0,3,1,1,25-34
5505,1920.0,20,0,Yağmurlu,16.0,4,1,2,25-34
5506,1995.0,20,0,Soğuk/Karlı,20.0,4,1,2,25-34
5507,4880.0,20,0,Soğuk/Karlı,19.0,5,1,2,25-34
5508,2460.0,20,0,Yağmurlu,18.0,3,1,1,25-34
5509,2145.0,20,0,Yağmurlu,13.0,2,1,1,25-34
5510,2280.0,20,0,Yağmurlu,11.0,4,1,2,25-34
5511,1330.0,20,0,Soğuk/Karlı,19.0,3,1,1,25-34
5512,3540.0,20,0,Soğuk/Karlı,14.0,3,1,1,25-34
5513,2190.0,20,0,Bulutlu,11.0,5,1,2,25-34
5514,3095.0,20,0,Yağmurlu,20.0,4,1,2,25-34
5515,1930.0,20,0,Bulutlu,25.0,4,1,2,25-34
5516,2385.0,20,0,Bulutlu,10.0,4,1,2,25-34
5517,2280.0,21,0,Bulutlu,8.0,3,1,1,25-34
5518,3040.0,21,0,Bulutlu,26.0,3,1,1,25-34
5519,3370.0,21,0,Güneşli,22.0,4,1,2,25-34
5520,1810.0,21,0,Yağmurlu,9.0,5,1,2,25-34
5521,2940.0,21,0,Yağmurlu,12.0,4,1,2,25-34
5522,1200.0,21,0,Bulutlu,12.0,3,1,1,25-34
5523,1740.0,21,0,Bulutlu,8.0,5,1,2,25-34
5524,1700.0,21,0,Bulutlu,23.0,5,1,2,25-34
5525,4700.0,21,0,Bulutlu,10.0,3,1,1,25-34
5526,2175.0,21,0,Güneşli,19.0,5,1,2,25-34
5527,3120.0,21,0,Bulutlu,22.0,5,1,2,25-34
5528,2070.0,21,0,Soğuk/Karlı,25.0,4,1,2,25-34
5529,4490.0,21,0,Bulutlu,20.0,4,1,2,25-34
5530,3715.0,21,0,Güneşli,23.0,4,1,2,25-34
5531,3215.0,21,0,Yağmurlu,18.0,3,1,1,25-34
5532,3715.0,21,0,Bulutlu,17.0,3,1,1,25-34
5533,2010.0,21,0,Soğuk/Karlı,11.0,4,1,2,25-34
5534,3125.0,21,0,Yağmurlu,11.0,4,1,2,25-34
5535,2600.0,21,0,Soğuk/Karlı,14.0,4,1,2,25-34
5536,2560.0,21,0,Bulutlu,21.0,5,1,2,25-34
5537,1620.0,21,0,Yağmurlu,17.0,3,1,1,25-34
5538,1625.0,21,0,Bulutlu,11.0,5,1,2,25-34
5539,1540.0,21,0,Yağmurlu,10.0,4,1,2,25-34
5540,4150.0,21,0,Güneşli,25.0,2,1,1,25-34
5541,1275.0,21,0,Bulutlu,17.0,3,1,1,25-34
5542,3530.0,21,0,Güneşli,15.0,3,1,1,25-34
5543,1640.0,21,0,Soğuk/Karlı,11.0,3,1,1,25-34
5544,60.0,22,0,Yağmurlu,25.0,1,1,1,25-34
5545,370.0,22,0,Soğuk/Karlı,26.0,2,1,1,25-34
5546,175.0,23,0,Soğuk/Karlı,17.0,2,1,1,25-34
5547,35.0,23,0,Soğuk/Karlı,14.0,1,1,1,25-34
5548,75.0,23,0,Soğuk/Karlı,25.0,1,1,1,25-34
5549,45.0,23,0,Bulutlu,26.0,1,1,1,25-34
5550,35.0,0,1,Güneşli,25.0,1,0,1,25-34
5551,85.0,1,1,Soğuk/Karlı,13.0,1,0,1,25-34
5552,75.0,1,1,Güneşli,13.0,1,0,1,25-34
5553,390.0,8,1,Güneşli,21.0,2,0,1,25-34
5554,1005.0,8,1,Yağmurlu,25.0,2,0,1,25-34
5555,665.0,8,1,Güneşli,8.0,2,0,1,25-34
5556,460.0,8,1,Yağmurlu,22.0,2,0,1,25-34
5557,700.0,8,1,Yağmurlu,23.0,2,0,1,25-34
5558,770.0,8,1,Güneşli,12.0,2,0,1,25-34
5559,735.0,8,1,Yağmurlu,25.0,2,0,1,25-34
5560,970.0,8,1,Soğuk/Karlı,25.0,2,0,1,25-34
5561,630.0,8,1,Yağmurlu,19.0,2,0,1,25-34
5562,735.0,8,1,Yağmurlu,24.0,2,0,1,25-34
5563,630.0,8,1,Yağmurlu,11.0,2,0,1,25-34
5564,970.0,9,1,Soğuk/Karlı,17.0,2,0,1,25-34
5565,460.0,9,1,Güneşli,12.0,2,0,1,25-34
5566,460.0,9,1,Bulutlu,14.0,2,0,1,25-34
5567,735.0,9,1,Yağmurlu,25.0,2,0,1,25-34
5568,495.0,9,1,Soğuk/Karlı,13.0,2,0,1,25-34
5569,495.0,9,1,Soğuk/Karlı,21.0,2,0,1,25-34
5570,460.0,9,1,Yağmurlu,13.0,2,0,1,25-34
5571,735.0,9,1,Yağmurlu,11.0,2,0,1,25-34
5572,665.0,9,1,Güneşli,26.0,2,0,1,25-34
5573,630.0,10,1,Soğuk/Karlı,17.0,2,0,1,25-34
5574,425.0,10,1,Soğuk/Karlı,24.0,2,0,1,25-34
5575,1075.0,10,1,Bulutlu,16.0,2,0,1,25-34
5576,1110.0,10,1,Yağmurlu,14.0,2,0,1,25-34
5577,390.0,10,1,Soğuk/Karlı,14.0,2,0,1,25-34
5578,1075.0,10,1,Soğuk/Karlı,24.0,2,0,1,25-34
5579,1075.0,10,1,Güneşli,13.0,2,0,1,25-34
5580,1110.0,10,1,Güneşli,21.0,2,0,1,25-34
5581,1040.0,10,1,Güneşli,21.0,2,0,1,25-34
5582,1040.0,10,1,Bulutlu,16.0,2,0,1,25-34
5583,1005.0,10,1,Güneşli,15.0,2,0,1,25-34
5584,185.0,11,1,Güneşli,21.0,2,0,1,25-34
5585,115.0,11,1,Yağmurlu,13.0,1,0,1,25-34
5586,240.0,11,1,Güneşli,17.0,2,0,1,25-34
5587,75.0,11,1,Soğuk/Karlı,25.0,1,0,1,25-34
5588,375.0,12,1,Yağmurlu,24.0,2,0,1,25-34
5589,375.0,12,1,Yağmurlu,8.0,2,0,1,25-34
5590,325.0,12,1,Yağmurlu,10.0,2,0,1,25-34
5591,325.0,12,1,Güneşli,9.0,2,0,1,25-34
5592,535.0,12,1,Güneşli,25.0,3,0,1,25-34
5593,495.0,12,1,Soğuk/Karlı,17.0,3,0,1,25-34
5594,325.0,12,1,Soğuk/Karlı,18.0,2,0,1,25-34
5595,445.0,12,1,Soğuk/Karlı,8.0,2,0,1,25-34
5596,585.0,12,1,Soğuk/Karlı,10.0,3,0,1,25-34
5597,465.0,12,1,Soğuk/Karlı,25.0,2,0,1,25-34
5598,535.0,12,1,Güneşli,17.0,3,0,1,25-34
5599,455.0,12,1,Soğuk/Karlı,9.0,3,0,1,25-34
5600,325.0,12,1,Bulutlu,11.0,2,0,1,25-34
5601,375.0,12,1,Soğuk/Karlı,17.0,2,0,1,25-34
5602,375.0,12,1,Güneşli,12.0,2,0,1,25-34
5603,395.0,12,1,Yağmurlu,23.0,2,0,1,25-34
5604,375.0,12,1,Bulutlu,17.0,2,0,1,25-34
5605,355.0,12,1,Yağmurlu,18.0,2,0,1,25-34
5606,355.0,12,1,Yağmurlu,20.0,2,0,1,25-34
5607,325.0,12,1,Soğuk/Karlı,8.0,2,0,1,25-34
5608,535.0,13,1,Güneşli,25.0,3,0,1,25-34
5609,535.0,13,1,Soğuk/Karlı,10.0,3,0,1,25-34
5610,465.0,13,1,Soğuk/Karlı,17.0,2,0,1,25-34
5611,465.0,13,1,Yağmurlu,8.0,2,0,1,25-34
5612,455.0,13,1,Güneşli,19.0,3,0,1,25-34
5613,355.0,13,1,Güneşli,19.0,2,0,1,25-34
5614,535.0,13,1,Soğuk/Karlı,22.0,3,0,1,25-34
5615,355.0,13,1,Soğuk/Karlı,8.0,2,0,1,25-34
5616,465.0,13,1,Güneşli,22.0,2,0,1,25-34
5617,395.0,13,1,Bulutlu,12.0,2,0,1,25-34
5618,585.0,13,1,Yağmurlu,10.0,3,0,1,25-34
5619,445.0,13,1,Soğuk/Karlı,22.0,2,0,1,25-34
5620,495.0,13,1,Güneşli,20.0,3,0,1,25-34
5621,495.0,13,1,Bulutlu,13.0,3,0,1,25-34
5622,585.0,13,1,Soğuk/Karlı,20.0,3,0,1,25-34
5623,495.0,13,1,Yağmurlu,10.0,3,0,1,25-34
5624,355.0,13,1,Bulutlu,23.0,2,0,1,25-34
5625,535.0,13,1,Yağmurlu,20.0,3,0,1,25-34
5626,455.0,13,1,Güneşli,20.0,3,0,1,25-34
5627,315.0,14,1,Yağmurlu,18.0,2,0,1,25-34
5628,65.0,14,1,Güneşli,16.0,1,0,1,25-34
5629,245.0,15,1,Yağmurlu,17.0,2,0,1,25-34
5630,75.0,15,1,Bulutlu,11.0,1,0,1,25-34
5631,65.0,15,1,Soğuk/Karlı,16.0,1,0,1,25-34
5632,85.0,15,1,Bulutlu,17.0,1,0,1,25-34
5633,35.0,16,1,Soğuk/Karlı,12.0,1,0,1,25-34
5634,250.0,16,1,Soğuk/Karlı,23.0,2,0,1,25-34
5635,35.0,16,1,Güneşli,15.0,1,0,1,25-34
5636,175.0,17,1,Yağmurlu,24.0,2,0,1,25-34
5637,65.0,17,1,Yağmurlu,18.0,1,0,1,25-34
5638,35.0,18,1,Yağmurlu,12.0,1,0,1,25-34
5639,130.0,18,1,Güneşli,19.0,1,0,1,25-34
5640,60.0,18,1,Güneşli,8.0,1,0,1,25-34
5641,3260.0,19,1,Soğuk/Karlı,11.0,2,0,1,25-34
5642,2235.0,19,1,Yağmurlu,24.0,4,0,2,25-34
5643,3715.0,19,1,Soğuk/Karlı,16.0,3,0,1,25-34
5644,4595.0,19,1,Güneşli,17.0,5,0,2,25-34
5645,1890.0,19,1,Bulutlu,18.0,4,0,2,25-34
5646,2480.0,19,1,Bulutlu,24.0,3,0,1,25-34
5647,3690.0,19,1,Yağmurlu,14.0,4,0,2,25-34
5648,1755.0,19,1,Güneşli,24.0,3,0,1,25-34
5649,1655.0,19,1,Güneşli,20.0,3,0,1,25-34
5650,2610.0,19,1,Yağmurlu,17.0,3,0,1,25-34
5651,2510.0,19,1,Bulutlu,13.0,5,0,2,25-34
5652,2060.0,19,1,Güneşli,20.0,5,0,2,25-34
5653,2760.0,19,1,Yağmurlu,24.0,3,0,1,25-34
5654,2395.0,19,1,Güneşli,23.0,5,0,2,25-34
5655,2010.0,19,1,Güneşli,24.0,3,0,1,25-34
5656,2065.0,20,1,Yağmurlu,18.0,3,0,1,25-34
5657,2280.0,20,1,Soğuk/Karlı,12.0,4,0,2,25-34
5658,2465.0,20,1,Soğuk/Karlı,11.0,4,0,2,25-34
5659,1620.0,20,1,Soğuk/Karlı,22.0,2,0,1,25-34
5660,2235.0,20,1,Güneşli,19.0,3,0,1,25-34
5661,2550.0,20,1,Yağmurlu,25.0,3,0,1,25-34
5662,1480.0,20,1,Güneşli,24.0,3,0,1,25-34
5663,2430.0,20,1,Yağmurlu,21.0,4,0,2,25-34
5664,1605.0,20,1,Yağmurlu,16.0,3,0,1,25-34
5665,1655.0,20,1,Soğuk/Karlı,23.0,5,0,2,25-34
5666,3405.0,20,1,Soğuk/Karlı,10.0,4,0,2,25-34
5667,1360.0,20,1,Yağmurlu,19.0,1,0,1,25-34
5668,2465.0,20,1,Güneşli,20.0,4,0,2,25-34
5669,1790.0,20,1,Güneşli,13.0,4,0,2,25-34
5670,2100.0,20,1,Bulutlu,8.0,2,0,1,25-34
5671,1300.0,20,1,Yağmurlu,11.0,3,0,1,25-34
5672,2400.0,20,1,Güneşli,17.0,3,0,1,25-34
5673,1470.0,20,1,Soğuk/Karlı,9.0,3,0,1,25-34
5674,3000.0,20,1,Yağmurlu,20.0,3,0,1,25-34
5675,2720.0,20,1,Yağmurlu,22.0,4,0,2,25-34
5676,1145.0,20,1,Bulutlu,8.0,3,0,1,25-34
5677,2360.0,20,1,Yağmurlu,13.0,3,0,1,25-34
5678,1280.0,20,1,Güneşli,18.0,4,0,2,25-34
5679,1620.0,21,1,Güneşli,16.0,3,0,1,25-34
5680,3505.0,21,1,Bulutlu,13.0,3,0,1,25-34
5681,2030.0,21,1,Soğuk/Karlı,21.0,4,0,2,25-34
5682,2715.0,21,1,Bulutlu,17.0,3,0,1,25-34
5683,2970.0,21,1,Soğuk/Karlı,13.0,4,0,2,25-34
5684,2405.0,21,1,Bulutlu,23.0,2,0,1,25-34
5685,3065.0,21,1,Yağmurlu,14.0,5,0,2,25-34
5686,2240.0,21,1,Soğuk/Karlı,17.0,2,0,1,25-34
5687,1880.0,21,1,Yağmurlu,24.0,5,0,2,25-34
5688,2930.0,21,1,Bulutlu,19.0,4,0,2,25-34
5689,4440.0,21,1,Güneşli,16.0,5,0,2,25-34
5690,3400.0,21,1,Soğuk/Karlı,24.0,3,0,1,25-34
5691,1650.0,21,1,Yağmurlu,9.0,4,0,2,25-34
5692,2790.0,21,1,Güneşli,13.0,4,0,2,25-34
5693,3040.0,21,1,Bulutlu,21.0,3,0,1,25-34
5694,1330.0,21,1,Soğuk/Karlı,10.0,1,0,1,25-34
5695,2880.0,21,1,Soğuk/Karlı,11.0,3,0,1,25-34
5696,1150.0,21,1,Soğuk/Karlı,10.0,3,0,1,25-34
5697,3940.0,21,1,Güneşli,14.0,5,0,2,25-34
5698,3320.0,21,1,Bulutlu,20.0,5,0,2,25-34
5699,2265.0,21,1,Yağmurlu,17.0,3,0,1,25-34
5700,35.0,22,1,Güneşli,11.0,1,0,1,25-34
5701,250.0,23,1,Güneşli,9.0,2,0,1,25-34
5702,145.0,23,1,Yağmurlu,11.0,2,0,1,25-34
5703,240.0,23,1,Yağmurlu,19.0,2,0,1,25-34
5704,115.0,23,1,Soğuk/Karlı,15.0,1,0,1,25-34
5705,115.0,0,2,Soğuk/Karlı,18.0,1,0,1,25-34
5706,245.0,0,2,Soğuk/Karlı,18.0,2,0,1,25-34
5707,85.0,0,2,Güneşli,14.0,1,0,1,25-34
5708,115.0,1,2,Soğuk/Karlı,19.0,1,0,1,25-34
5709,45.0,1,2,Bulutlu,19.0,1,0,1,25-34
5710,325.0,1,2,Güneşli,11.0,2,0,1,25-34
5711,155.0,1,2,Yağmurlu,21.0,2,0,1,25-34
5712,1075.0,8,2,Soğuk/Karlı,24.0,2,0,1,25-34
5713,1075.0,8,2,Soğuk/Karlı,14.0,2,0,1,25-34
5714,460.0,8,2,Güneşli,12.0,2,0,1,25-34
5715,390.0,8,2,Yağmurlu,20.0,2,0,1,25-34
5716,700.0,8,2,Bulutlu,16.0,2,0,1,25-34
5717,1110.0,8,2,Yağmurlu,17.0,2,0,1,25-34
5718,425.0,8,2,Güneşli,22.0,2,0,1,25-34
5719,665.0,8,2,Soğuk/Karlı,18.0,2,0,1,25-34
5720,700.0,8,2,Güneşli,14.0,2,0,1,25-34
5721,390.0,8,2,Soğuk/Karlı,10.0,2,0,1,25-34
5722,1040.0,8,2,Soğuk/Karlı,23.0,2,0,1,25-34
5723,700.0,8,2,Soğuk/Karlı,18.0,2,0,1,25-34
5724,390.0,9,2,Yağmurlu,20.0,2,0,1,25-34
5725,1110.0,9,2,Yağmurlu,11.0,2,0,1,25-34
5726,665.0,9,2,Bulutlu,8.0,2,0,1,25-34
5727,425.0,9,2,Yağmurlu,16.0,2,0,1,25-34
5728,460.0,9,2,Bulutlu,16.0,2,0,1,25-34
5729,425.0,9,2,Bulutlu,24.0,2,0,1,25-34
5730,700.0,10,2,Yağmurlu,13.0,2,0,1,25-34
5731,770.0,10,2,Güneşli,10.0,2,0,1,25-34
5732,495.0,10,2,Soğuk/Karlı,20.0,2,0,1,25-34
5733,665.0,10,2,Yağmurlu,9.0,2,0,1,25-34
5734,1075.0,10,2,Yağmurlu,22.0,2,0,1,25-34
5735,1005.0,10,2,Bulutlu,11.0,2,0,1,25-34
5736,45.0,11,2,Bulutlu,24.0,1,0,1,25-34
5737,235.0,11,2,Güneşli,9.0,2,0,1,25-34
5738,225.0,11,2,Bulutlu,23.0,2,0,1,25-34
5739,585.0,12,2,Yağmurlu,22.0,3,0,1,25-34
5740,375.0,12,2,Güneşli,18.0,2,0,1,25-34
5741,340.0,12,2,Soğuk/Karlı,12.0,2,0,1,25-34
5742,340.0,12,2,Yağmurlu,22.0,2,0,1,25-34
5743,495.0,12,2,Yağmurlu,23.0,3,0,1,25-34
5744,355.0,12,2,Yağmurlu,21.0,2,0,1,25-34
5745,325.0,12,2,Güneşli,12.0,2,0,1,25-34
5746,465.0,12,2,Bulutlu,9.0,2,0,1,25-34
5747,535.0,12,2,Soğuk/Karlı,23.0,3,0,1,25-34
5748,340.0,12,2,Güneşli,22.0,2,0,1,25-34
5749,535.0,12,2,Bulutlu,9.0,3,0,1,25-34
5750,455.0,12,2,Yağmurlu,16.0,3,0,1,25-34
5751,585.0,12,2,Bulutlu,8.0,3,0,1,25-34
5752,465.0,12,2,Güneşli,21.0,2,0,1,25-34
5753,375.0,12,2,Bulutlu,11.0,2,0,1,25-34
5754,340.0,12,2,Bulutlu,20.0,2,0,1,25-34
5755,445.0,12,2,Bulutlu,14.0,2,0,1,25-34
5756,455.0,12,2,Bulutlu,22.0,3,0,1,25-34
5757,585.0,12,2,Güneşli,26.0,3,0,1,25-34
5758,325.0,13,2,Bulutlu,15.0,2,0,1,25-34
5759,445.0,13,2,Yağmurlu,12.0,2,0,1,25-34
5760,325.0,13,2,Soğuk/Karlı,23.0,2,0,1,25-34
5761,340.0,13,2,Güneşli,16.0,2,0,1,25-34
5762,395.0,13,2,Yağmurlu,24.0,2,0,1,25-34
5763,340.0,13,2,Soğuk/Karlı,22.0,2,0,1,25-34
5764,465.0,13,2,Bulutlu,15.0,2,0,1,25-34
5765,455.0,13,2,Güneşli,21.0,3,0,1,25-34
5766,445.0,13,2,Soğuk/Karlı,21.0,2,0,1,25-34
5767,375.0,13,2,Bulutlu,8.0,2,0,1,25-34
5768,355.0,13,2,Yağmurlu,20.0,2,0,1,25-34
5769,375.0,13,2,Güneşli,15.0,2,0,1,25-34
5770,455.0,13,2,Yağmurlu,16.0,3,0,1,25-34
5771,445.0,13,2,Bulutlu,20.0,2,0,1,25-34
5772,445.0,13,2,Yağmurlu,18.0,2,0,1,25-34
5773,340.0,13,2,Güneşli,8.0,2,0,1,25-34
5774,395.0,13,2,Güneşli,18.0,2,0,1,25-34
5775,535.0,13,2,Yağmurlu,23.0,3,0,1,25-34
5776,585.0,13,2,Yağmurlu,18.0,3,0,1,25-34
5777,455.0,13,2,Soğuk/Karlı,21.0,3,0,1,25-34
5778,170.0,14,2,Güneşli,20.0,2,0,1,25-34
5779,225.0,14,2,Yağmurlu,12.0,2,0,1,25-34
5780,65.0,14,2,Bulutlu,10.0,1,0,1,25-34
5781,65.0,14,2,Soğuk/Karlı,19.0,1,0,1,25-34
5782,85.0,15,2,Soğuk/Karlı,20.0,1,0,1,25-34
5783,45.0,15,2,Yağmurlu,10.0,1,0,1,25-34
5784,115.0,16,2,Soğuk/Karlı,14.0,1,0,1,25-34
5785,185.0,16,2,Soğuk/Karlı,17.0,2,0,1,25-34
5786,275.0,16,2,Bulutlu,12.0,2,0,1,25-34
5787,75.0,17,2,Soğuk/Karlı,17.0,1,0,1,25-34
5788,130.0,17,2,Güneşli,11.0,1,0,1,25-34
5789,35.0,18,2,Soğuk/Karlı,24.0,1,0,1,25-34
5790,335.0,18,2,Soğuk/Karlı,18.0,2,0,1,25-34
5791,220.0,18,2,Soğuk/Karlı,18.0,2,0,1,25-34
5792,85.0,18,2,Bulutlu,15.0,1,0,1,25-34
5793,2830.0,19,2,Yağmurlu,13.0,5,0,2,25-34
5794,2765.0,19,2,Soğuk/Karlı,9.0,3,0,1,25-34
5795,3720.0,19,2,Güneşli,10.0,5,0,2,25-34
5796,3015.0,19,2,Bulutlu,16.0,4,0,2,25-34
5797,3380.0,19,2,Bulutlu,23.0,4,0,2,25-34
5798,1360.0,19,2,Yağmurlu,23.0,3,0,1,25-34
5799,3145.0,19,2,Soğuk/Karlı,17.0,5,0,2,25-34
5800,3640.0,19,2,Yağmurlu,20.0,4,0,2,25-34
5801,2940.0,19,2,Yağmurlu,16.0,4,0,2,25-34
5802,3965.0,19,2,Güneşli,9.0,4,0,2,25-34
5803,3520.0,19,2,Bulutlu,17.0,3,0,1,25-34
5804,2145.0,19,2,Güneşli,26.0,5,0,2,25-34
5805,2330.0,19,2,Bulutlu,12.0,3,0,1,25-34
5806,1820.0,19,2,Bulutlu,24.0,4,0,2,25-34
5807,1580.0,19,2,Güneşli,15.0,4,0,2,25-34
5808,1970.0,19,2,Güneşli,23.0,4,0,2,25-34
5809,2285.0,19,2,Yağmurlu,26.0,5,0,2,25-34
5810,3620.0,19,2,Soğuk/Karlı,19.0,5,0,2,25-34
5811,2805.0,19,2,Bulutlu,8.0,4,0,2,25-34
5812,2075.0,19,2,Soğuk/Karlı,26.0,5,0,2,25-34
5813,2370.0,19,2,Yağmurlu,13.0,4,0,2,25-34
5814,3215.0,19,2,Yağmurlu,9.0,4,0,2,25-34
5815,2270.0,19,2,Soğuk/Karlı,25.0,3,0,1,25-34
5816,1495.0,19,2,Bulutlu,9.0,3,0,1,25-34
5817,1630.0,20,2,Soğuk/Karlı,12.0,4,0,2,25-34
5818,2065.0,20,2,Bulutlu,26.0,4,0,2,25-34
5819,3780.0,20,2,Yağmurlu,19.0,4,0,2,25-34
5820,1960.0,20,2,Bulutlu,18.0,4,0,2,25-34
5821,2660.0,20,2,Soğuk/Karlı,16.0,3,0,1,25-34
5822,2055.0,20,2,Soğuk/Karlı,14.0,3,0,1,25-34
5823,2640.0,20,2,Bulutlu,14.0,3,0,1,25-34
5824,1460.0,20,2,Güneşli,22.0,3,0,1,25-34
5825,3360.0,20,2,Yağmurlu,23.0,5,0,2,25-34
5826,1680.0,20,2,Soğuk/Karlı,15.0,3,0,1,25-34
5827,2250.0,20,2,Soğuk/Karlı,10.0,4,0,2,25-34
5828,2400.0,20,2,Bulutlu,24.0,3,0,1,25-34
5829,4745.0,20,2,Soğuk/Karlı,21.0,4,0,2,25-34
5830,3315.0,20,2,Güneşli,11.0,2,0,1,25-34
5831,3400.0,20,2,Bulutlu,15.0,4,0,2,25-34
5832,1220.0,21,2,Soğuk/Karlı,22.0,2,0,1,25-34
5833,3905.0,21,2,Bulutlu,9.0,4,0,2,25-34
5834,3470.0,21,2,Soğuk/Karlı,22.0,3,0,1,25-34
5835,3080.0,21,2,Soğuk/Karlı,26.0,4,0,2,25-34
5836,3490.0,21,2,Güneşli,15.0,4,0,2,25-34
5837,2640.0,21,2,Bulutlu,16.0,4,0,2,25-34
5838,2220.0,21,2,Bulutlu,10.0,3,0,1,25-34
5839,2000.0,21,2,Bulutlu,15.0,4,0,2,25-34
5840,1420.0,21,2,Bulutlu,19.0,4,0,2,25-34
5841,2475.0,21,2,Güneşli,8.0,4,0,2,25-34
5842,2360.0,21,2,Soğuk/Karlı,26.0,4,0,2,25-34
5843,1980.0,21,2,Bulutlu,19.0,4,0,2,25-34
5844,3440.0,21,2,Soğuk/Karlı,13.0,4,0,2,25-34
5845,3240.0,21,2,Yağmurlu,18.0,4,0,2,25-34
5846,3425.0,21,2,Bulutlu,26.0,4,0,2,25-34
5847,3370.0,21,2,Yağmurlu,18.0,4,0,2,25-34
5848,2250.0,21,2,Bulutlu,10.0,4,0,2,25-34
5849,2920.0,21,2,Yağmurlu,22.0,4,0,2,25-34
5850,3360.0,21,2,Bulutlu,13.0,4,0,2,25-34
5851,2180.0,21,2,Güneşli,14.0,4,0,2,25-34
5852,3010.0,21,2,Güneşli,20.0,4,0,2,25-34
5853,1995.0,21,2,Soğuk/Karlı,18.0,3,0,1,25-34
5854,1840.0,21,2,Bulutlu,19.0,5,0,2,25-34
5855,1570.0,21,2,Güneşli,12.0,4,0,2,25-34
5856,2360.0,21,2,Güneşli,10.0,3,0,1,25-34
5857,2130.0,21,2,Yağmurlu,10.0,3,0,1,25-34
5858,4255.0,21,2,Soğuk/Karlı,25.0,4,0,2,25-34
5859,2685.0,21,2,Güneşli,13.0,3,0,1,25-34
5860,260.0,22,2,Güneşli,24.0,2,0,1,25-34
5861,45.0,23,2,Yağmurlu,26.0,1,0,1,25-34
5862,130.0,23,2,Güneşli,23.0,1,0,1,25-34
5863,215.0,0,3,Bulutlu,23.0,2,0,1,25-34
5864,115.0,0,3,Güneşli,24.0,1,0,1,25-34
5865,255.0,0,3,Yağmurlu,23.0,2,0,1,25-34
5866,35.0,1,3,Bulutlu,16.0,1,0,1,25-34
5867,85.0,1,3,Soğuk/Karlı,8.0,1,0,1,25-34
5868,770.0,8,3,Soğuk/Karlı,22.0,2,0,1,25-34
5869,665.0,8,3,Güneşli,14.0,2,0,1,25-34
5870,1110.0,8,3,Yağmurlu,12.0,2,0,1,25-34
5871,425.0,8,3,Soğuk/Karlı,16.0,2,0,1,25-34
5872,735.0,8,3,Yağmurlu,8.0,2,0,1,25-34
5873,460.0,8,3,Soğuk/Karlı,23.0,2,0,1,25-34
5874,1040.0,9,3,Yağmurlu,22.0,2,0,1,25-34
5875,1005.0,9,3,Yağmurlu,14.0,2,0,1,25-34
5876,1075.0,9,3,Güneşli,19.0,2,0,1,25-34
5877,530.0,9,3,Güneşli,13.0,2,0,1,25-34
5878,770.0,9,3,Bulutlu,19.0,2,0,1,25-34
5879,735.0,9,3,Bulutlu,18.0,2,0,1,25-34
5880,390.0,9,3,Yağmurlu,12.0,2,0,1,25-34
5881,970.0,9,3,Yağmurlu,17.0,2,0,1,25-34
5882,1005.0,10,3,Güneşli,23.0,2,0,1,25-34
5883,1040.0,10,3,Yağmurlu,20.0,2,0,1,25-34
5884,1110.0,10,3,Yağmurlu,8.0,2,0,1,25-34
5885,390.0,10,3,Bulutlu,22.0,2,0,1,25-34
5886,1005.0,10,3,Güneşli,26.0,2,0,1,25-34
5887,1075.0,10,3,Soğuk/Karlı,19.0,2,0,1,25-34
5888,665.0,10,3,Bulutlu,18.0,2,0,1,25-34
5889,530.0,10,3,Yağmurlu,20.0,2,0,1,25-34
5890,35.0,11,3,Güneşli,11.0,1,0,1,25-34
5891,130.0,11,3,Bulutlu,23.0,1,0,1,25-34
5892,205.0,11,3,Bulutlu,13.0,2,0,1,25-34
5893,305.0,11,3,Soğuk/Karlı,12.0,2,0,1,25-34
5894,495.0,12,3,Bulutlu,10.0,3,0,1,25-34
5895,495.0,12,3,Soğuk/Karlı,17.0,3,0,1,25-34
5896,375.0,12,3,Bulutlu,15.0,2,0,1,25-34
5897,495.0,12,3,Yağmurlu,12.0,3,0,1,25-34
5898,465.0,12,3,Yağmurlu,16.0,2,0,1,25-34
5899,325.0,12,3,Soğuk/Karlı,11.0,2,0,1,25-34
5900,325.0,12,3,Güneşli,9.0,2,0,1,25-34
5901,355.0,12,3,Soğuk/Karlı,10.0,2,0,1,25-34
5902,535.0,12,3,Bulutlu,20.0,3,0,1,25-34
5903,340.0,12,3,Bulutlu,20.0,2,0,1,25-34
5904,325.0,12,3,Güneşli,16.0,2,0,1,25-34
5905,495.0,12,3,Yağmurlu,8.0,3,0,1,25-34
5906,375.0,12,3,Güneşli,10.0,2,0,1,25-34
5907,535.0,12,3,Bulutlu,10.0,3,0,1,25-34
5908,535.0,12,3,Yağmurlu,10.0,3,0,1,25-34
5909,465.0,12,3,Bulutlu,23.0,2,0,1,25-34
5910,375.0,12,3,Bulutlu,16.0,2,0,1,25-34
5911,340.0,12,3,Güneşli,10.0,2,0,1,25-34
5912,495.0,12,3,Soğuk/Karlı,16.0,3,0,1,25-34
5913,455.0,12,3,Soğuk/Karlı,10.0,3,0,1,25-34
5914,325.0,13,3,Yağmurlu,18.0,2,0,1,25-34
5915,445.0,13,3,Yağmurlu,12.0,2,0,1,25-34
5916,340.0,13,3,Güneşli,19.0,2,0,1,25-34
5917,325.0,13,3,Yağmurlu,16.0,2,0,1,25-34
5918,355.0,13,3,Bulutlu,16.0,2,0,1,25-34
5919,465.0,13,3,Güneşli,9.0,2,0,1,25-34
5920,340.0,13,3,Bulutlu,11.0,2,0,1,25-34
5921,535.0,13,3,Bulutlu,10.0,3,0,1,25-34
5922,535.0,13,3,Güneşli,17.0,3,0,1,25-34
5923,445.0,13,3,Yağmurlu,13.0,2,0,1,25-34
5924,340.0,13,3,Bulutlu,11.0,2,0,1,25-34
5925,340.0,13,3,Bulutlu,24.0,2,0,1,25-34
5926,375.0,13,3,Yağmurlu,21.0,2,0,1,25-34
5927,325.0,13,3,Bulutlu,25.0,2,0,1,25-34
5928,355.0,13,3,Soğuk/Karlı,13.0,2,0,1,25-34
5929,340.0,13,3,Yağmurlu,15.0,2,0,1,25-34
5930,495.0,13,3,Bulutlu,24.0,3,0,1,25-34
5931,535.0,13,3,Yağmurlu,20.0,3,0,1,25-34
5932,340.0,13,3,Yağmurlu,8.0,2,0,1,25-34
5933,325.0,13,3,Bulutlu,17.0,2,0,1,25-34
5934,495.0,13,3,Soğuk/Karlı,12.0,3,0,1,25-34
5935,45.0,14,3,Bulutlu,21.0,1,0,1,25-34
5936,85.0,14,3,Soğuk/Karlı,20.0,1,0,1,25-34
5937,65.0,14,3,Bulutlu,18.0,1,0,1,25-34
5938,75.0,14,3,Yağmurlu,12.0,1,0,1,25-34
5939,115.0,15,3,Bulutlu,15.0,1,0,1,25-34
5940,35.0,15,3,Soğuk/Karlı,15.0,1,0,1,25-34
5941,275.0,15,3,Güneşli,19.0,2,0,1,25-34
5942,140.0,16,3,Yağmurlu,24.0,2,0,1,25-34
5943,130.0,16,3,Yağmurlu,26.0,1,0,1,25-34
5944,75.0,17,3,Güneşli,10.0,1,0,1,25-34
5945,75.0,17,3,Bulutlu,22.0,1,0,1,25-34
5946,240.0,17,3,Bulutlu,11.0,2,0,1,25-34
5947,35.0,17,3,Bulutlu,9.0,1,0,1,25-34
5948,240.0,18,3,Soğuk/Karlı,19.0,2,0,1,25-34
5949,355.0,18,3,Güneşli,14.0,2,0,1,25-34
5950,115.0,18,3,Bulutlu,26.0,1,0,1,25-34
5951,4245.0,19,3,Yağmurlu,22.0,4,0,2,25-34
5952,2025.0,19,3,Soğuk/Karlı,14.0,4,0,2,25-34
5953,3645.0,19,3,Bulutlu,25.0,4,0,2,25-34
5954,2960.0,19,3,Güneşli,20.0,5,0,2,25-34
5955,2345.0,19,3,Güneşli,25.0,2,0,1,25-34
5956,2820.0,19,3,Güneşli,17.0,3,0,1,25-34
5957,3910.0,19,3,Güneşli,23.0,4,0,2,25-34
5958,2145.0,19,3,Bulutlu,12.0,3,0,1,25-34
5959,3520.0,19,3,Yağmurlu,8.0,4,0,2,25-34
5960,2135.0,19,3,Yağmurlu,17.0,4,0,2,25-34
5961,2280.0,19,3,Bulutlu,13.0,3,0,1,25-34
5962,3520.0,19,3,Bulutlu,24.0,5,0,2,25-34
5963,1830.0,19,3,Bulutlu,16.0,3,0,1,25-34
5964,2825.0,19,3,Bulutlu,15.0,5,0,2,25-34
5965,3795.0,19,3,Soğuk/Karlı,21.0,4,0,2,25-34
5966,4495.0,19,3,Soğuk/Karlı,9.0,5,0,2,25-34
5967,3565.0,19,3,Bulutlu,14.0,5,0,2,25-34
5968,1695.0,19,3,Yağmurlu,10.0,4,0,2,25-34
5969,3130.0,19,3,Güneşli,8.0,4,0,2,25-34
5970,3995.0,19,3,Yağmurlu,25.0,4,0,2,25-34
5971,3590.0,19,3,Güneşli,12.0,4,0,2,25-34
5972,2160.0,19,3,Soğuk/Karlı,23.0,4,0,2,25-34
5973,3020.0,19,3,Bulutlu,10.0,4,0,2,25-34
5974,2280.0,19,3,Yağmurlu,17.0,5,0,2,25-34
5975,3550.0,19,3,Bulutlu,14.0,5,0,2,25-34
5976,1955.0,20,3,Bulutlu,15.0,5,0,2,25-34
5977,1440.0,20,3,Yağmurlu,19.0,3,0,1,25-34
5978,2840.0,20,3,Soğuk/Karlı,19.0,4,0,2,25-34
5979,2765.0,20,3,Bulutlu,10.0,3,0,1,25-34
5980,2220.0,20,3,Güneşli,22.0,3,0,1,25-34
5981,1480.0,20,3,Soğuk/Karlı,21.0,4,0,2,25-34
5982,1120.0,20,3,Soğuk/Karlı,22.0,4,0,2,25-34
5983,2510.0,20,3,Bulutlu,10.0,3,0,1,25-34
5984,2955.0,20,3,Yağmurlu,11.0,4,0,2,25-34
5985,2900.0,20,3,Soğuk/Karlı,21.0,2,0,1,25-34
5986,3280.0,20,3,Yağmurlu,10.0,4,0,2,25-34
5987,3165.0,20,3,Soğuk/Karlı,9.0,4,0,2,25-34
5988,2010.0,20,3,Güneşli,12.0,2,0,1,25-34
5989,3190.0,20,3,Soğuk/Karlı,19.0,4,0,2,25-34
5990,3295.0,20,3,Güneşli,13.0,4,0,2,25-34
5991,2965.0,20,3,Güneşli,15.0,2,0,1,25-34
5992,3380.0,20,3,Soğuk/Karlı,14.0,3,0,1,25-34
5993,3585.0,20,3,Bulutlu,19.0,5,0,2,25-34
5994,2805.0,20,3,Güneşli,22.0,5,0,2,25-34
5995,2400.0,20,3,Bulutlu,14.0,5,0,2,25-34
5996,2650.0,20,3,Yağmurlu,24.0,4,0,2,25-34
5997,2350.0,20,3,Soğuk/Karlı,26.0,4,0,2,25-34
5998,3120.0,20,3,Soğuk/Karlı,26.0,4,0,2,25-34
5999,2740.0,20,3,Güneşli,10.0,3,0,1,25-34
6000,1200.0,20,3,Güneşli,23.0,3,0,1,25-34
6001,2110.0,20,3,Soğuk/Karlı,14.0,3,0,1,25-34
6002,1405.0,20,3,Yağmurlu,13.0,4,0,2,25-34
6003,3390.0,20,3,Soğuk/Karlı,26.0,4,0,2,25-34
6004,3245.0,20,3,Bulutlu,25.0,4,0,2,25-34
6005,1960.0,20,3,Yağmurlu,11.0,4,0,2,25-34
6006,3350.0,20,3,Güneşli,17.0,3,0,1,25-34
6007,1975.0,20,3,Güneşli,18.0,3,0,1,25-34
6008,1680.0,20,3,Yağmurlu,12.0,3,0,1,25-34
6009,2760.0,20,3,Bulutlu,20.0,4,0,2,25-34
6010,1600.0,21,3,Bulutlu,13.0,4,0,2,25-34
6011,1945.0,21,3,Yağmurlu,16.0,4,0,2,25-34
6012,4365.0,21,3,Güneşli,8.0,5,0,2,25-34
6013,3215.0,21,3,Bulutlu,15.0,4,0,2,25-34
6014,2320.0,21,3,Güneşli,10.0,3,0,1,25-34
6015,4380.0,21,3,Yağmurlu,14.0,4,0,2,25-34
6016,1770.0,21,3,Soğuk/Karlı,9.0,4,0,2,25-34
6017,2025.0,21,3,Yağmurlu,15.0,4,0,2,25-34
6018,4000.0,21,3,Güneşli,18.0,3,0,1,25-34
6019,2745.0,21,3,Yağmurlu,22.0,4,0,2,25-34
6020,3845.0,21,3,Yağmurlu,21.0,3,0,1,25-34
6021,2980.0,21,3,Soğuk/Karlı,25.0,2,0,1,25-34
6022,2940.0,21,3,Güneşli,25.0,5,0,2,25-34
6023,3295.0,21,3,Bulutlu,13.0,3,0,1,25-34
6024,3545.0,21,3,Güneşli,22.0,5,0,2,25-34
6025,1680.0,21,3,Güneşli,22.0,4,0,2,25-34
6026,2425.0,21,3,Güneşli,16.0,3,0,1,25-34
6027,1950.0,21,3,Bulutlu,12.0,3,0,1,25-34
6028,2965.0,21,3,Soğuk/Karlı,16.0,3,0,1,25-34
6029,2550.0,21,3,Bulutlu,22.0,5,0,2,25-34
6030,3130.0,21,3,Bulutlu,24.0,5,0,2,25-34
6031,2370.0,21,3,Bulutlu,24.0,4,0,2,25-34
6032,1875.0,21,3,Yağmurlu,17.0,3,0,1,25-34
6033,1915.0,21,3,Güneşli,22.0,5,0,2,25-34
6034,3550.0,21,3,Bulutlu,12.0,5,0,2,25-34
6035,3280.0,21,3,Bulutlu,15.0,5,0,2,25-34
6036,3915.0,21,3,Bulutlu,15.0,4,0,2,25-34
6037,1900.0,21,3,Güneşli,26.0,3,0,1,25-34
6038,35.0,22,3,Soğuk/Karlı,22.0,1,0,1,25-34
6039,305.0,22,3,Bulutlu,14.0,2,0,1,25-34
6040,225.0,22,3,Soğuk/Karlı,13.0,2,0,1,25-34
6041,130.0,23,3,Güneşli,14.0,1,0,1,25-34
6042,115.0,23,3,Yağmurlu,26.0,1,0,1,25-34
6043,295.0,0,4,Güneşli,12.0,2,0,1,25-34
6044,65.0,0,4,Güneşli,9.0,1,0,1,25-34
6045,85.0,0,4,Yağmurlu,23.0,1,0,1,25-34
6046,65.0,1,4,Bulutlu,10.0,1,0,1,25-34
6047,260.0,1,4,Yağmurlu,14.0,2,0,1,25-34
6048,65.0,1,4,Soğuk/Karlı,20.0,1,0,1,25-34
6049,970.0,8,4,Bulutlu,22.0,2,0,1,25-34
6050,1110.0,8,4,Güneşli,9.0,2,0,1,25-34
6051,425.0,8,4,Soğuk/Karlı,8.0,2,0,1,25-34
6052,770.0,8,4,Yağmurlu,11.0,2,0,1,25-34
6053,700.0,8,4,Soğuk/Karlı,16.0,2,0,1,25-34
6054,1075.0,8,4,Güneşli,21.0,2,0,1,25-34
6055,390.0,8,4,Yağmurlu,20.0,2,0,1,25-34
6056,1075.0,8,4,Soğuk/Karlı,15.0,2,0,1,25-34
6057,770.0,8,4,Soğuk/Karlı,24.0,2,0,1,25-34
6058,530.0,8,4,Soğuk/Karlı,21.0,2,0,1,25-34
6059,700.0,9,4,Soğuk/Karlı,12.0,2,0,1,25-34
6060,1040.0,9,4,Soğuk/Karlı,23.0,2,0,1,25-34
6061,425.0,9,4,Soğuk/Karlı,15.0,2,0,1,25-34
6062,1075.0,9,4,Güneşli,14.0,2,0,1,25-34
6063,425.0,9,4,Yağmurlu,8.0,2,0,1,25-34
6064,1110.0,9,4,Güneşli,21.0,2,0,1,25-34
6065,735.0,10,4,Bulutlu,21.0,2,0,1,25-34
6066,1040.0,10,4,Soğuk/Karlı,23.0,2,0,1,25-34
6067,1040.0,10,4,Güneşli,22.0,2,0,1,25-34
6068,425.0,10,4,Bulutlu,8.0,2,0,1,25-34
6069,390.0,10,4,Bulutlu,16.0,2,0,1,25-34
6070,770.0,10,4,Güneşli,8.0,2,0,1,25-34
6071,700.0,10,4,Güneşli,20.0,2,0,1,25-34
6072,665.0,10,4,Soğuk/Karlı,14.0,2,0,1,25-34
6073,460.0,10,4,Güneşli,22.0,2,0,1,25-34
6074,460.0,10,4,Yağmurlu,20.0,2,0,1,25-34
6075,460.0,10,4,Güneşli,23.0,2,0,1,25-34
6076,1005.0,10,4,Güneşli,19.0,2,0,1,25-34
6077,215.0,11,4,Güneşli,13.0,2,0,1,25-34
6078,150.0,11,4,Güneşli,20.0,2,0,1,25-34
6079,240.0,11,4,Bulutlu,13.0,2,0,1,25-34
6080,455.0,12,4,Yağmurlu,18.0,3,0,1,25-34
6081,455.0,12,4,Güneşli,10.0,3,0,1,25-34
6082,535.0,12,4,Soğuk/Karlı,13.0,3,0,1,25-34
6083,375.0,12,4,Yağmurlu,20.0,2,0,1,25-34
6084,495.0,12,4,Bulutlu,11.0,3,0,1,25-34
6085,535.0,12,4,Yağmurlu,21.0,3,0,1,25-34
6086,355.0,12,4,Bulutlu,15.0,2,0,1,25-34
6087,495.0,12,4,Yağmurlu,22.0,3,0,1,25-34
6088,325.0,12,4,Güneşli,10.0,2,0,1,25-34
6089,585.0,12,4,Yağmurlu,17.0,3,0,1,25-34
6090,585.0,12,4,Soğuk/Karlı,11.0,3,0,1,25-34
6091,535.0,12,4,Güneşli,13.0,3,0,1,25-34
6092,465.0,12,4,Güneşli,12.0,2,0,1,25-34
6093,465.0,12,4,Yağmurlu,11.0,2,0,1,25-34
6094,465.0,13,4,Bulutlu,24.0,2,0,1,25-34
6095,465.0,13,4,Yağmurlu,14.0,2,0,1,25-34
6096,585.0,13,4,Yağmurlu,13.0,3,0,1,25-34
6097,495.0,13,4,Güneşli,15.0,3,0,1,25-34
6098,325.0,13,4,Bulutlu,10.0,2,0,1,25-34
6099,375.0,13,4,Soğuk/Karlı,10.0,2,0,1,25-34
6100,355.0,13,4,Yağmurlu,15.0,2,0,1,25-34
6101,395.0,13,4,Soğuk/Karlı,26.0,2,0,1,25-34
6102,585.0,13,4,Yağmurlu,21.0,3,0,1,25-34
6103,395.0,13,4,Güneşli,11.0,2,0,1,25-34
6104,395.0,13,4,Bulutlu,14.0,2,0,1,25-34
6105,340.0,13,4,Güneşli,22.0,2,0,1,25-34
6106,355.0,13,4,Bulutlu,9.0,2,0,1,25-34
6107,585.0,13,4,Bulutlu,11.0,3,0,1,25-34
6108,395.0,13,4,Güneşli,11.0,2,0,1,25-34
6109,535.0,13,4,Bulutlu,15.0,3,0,1,25-34
6110,535.0,13,4,Yağmurlu,15.0,3,0,1,25-34
6111,455.0,13,4,Yağmurlu,24.0,3,0,1,25-34
6112,465.0,13,4,Yağmurlu,19.0,2,0,1,25-34
6113,305.0,14,4,Güneşli,12.0,2,0,1,25-34
6114,130.0,14,4,Güneşli,10.0,1,0,1,25-34
6115,35.0,14,4,Güneşli,22.0,1,0,1,25-34
6116,225.0,14,4,Soğuk/Karlı,26.0,2,0,1,25-34
6117,75.0,15,4,Güneşli,20.0,1,0,1,25-34
6118,75.0,15,4,Yağmurlu,15.0,1,0,1,25-34
6119,75.0,15,4,Yağmurlu,23.0,1,0,1,25-34
6120,225.0,15,4,Güneşli,14.0,2,0,1,25-34
6121,130.0,16,4,Güneşli,15.0,1,0,1,25-34
6122,310.0,16,4,Bulutlu,21.0,2,0,1,25-34
6123,150.0,16,4,Yağmurlu,13.0,2,0,1,25-34
6124,60.0,16,4,Güneşli,8.0,1,0,1,25-34
6125,35.0,17,4,Bulutlu,23.0,1,0,1,25-34
6126,170.0,17,4,Yağmurlu,21.0,2,0,1,25-34
6127,85.0,17,4,Bulutlu,10.0,1,0,1,25-34
6128,45.0,18,4,Bulutlu,16.0,1,0,1,25-34
6129,115.0,18,4,Güneşli,18.0,1,0,1,25-34
6130,2405.0,19,4,Bulutlu,15.0,3,0,1,25-34
6131,3260.0,19,4,Yağmurlu,16.0,4,0,2,25-34
6132,1660.0,19,4,Soğuk/Karlı,16.0,4,0,2,25-34
6133,1780.0,19,4,Yağmurlu,23.0,5,0,2,25-34
6134,1720.0,19,4,Güneşli,20.0,4,0,2,25-34
6135,2010.0,19,4,Güneşli,8.0,3,0,1,25-34
6136,3150.0,19,4,Bulutlu,25.0,3,0,1,25-34
6137,3495.0,19,4,Yağmurlu,9.0,3,0,1,25-34
6138,1665.0,19,4,Güneşli,24.0,5,0,2,25-34
6139,2515.0,19,4,Soğuk/Karlı,21.0,4,0,2,25-34
6140,2655.0,19,4,Bulutlu,22.0,5,0,2,25-34
6141,2750.0,19,4,Bulutlu,18.0,5,0,2,25-34
6142,2600.0,19,4,Soğuk/Karlı,10.0,3,0,1,25-34
6143,3940.0,19,4,Yağmurlu,21.0,4,0,2,25-34
6144,1275.0,19,4,Bulutlu,12.0,3,0,1,25-34
6145,3575.0,19,4,Soğuk/Karlı,21.0,3,0,1,25-34
6146,2120.0,19,4,Güneşli,8.0,2,0,1,25-34
6147,3785.0,19,4,Yağmurlu,20.0,5,0,2,25-34
6148,2830.0,19,4,Soğuk/Karlı,26.0,4,0,2,25-34
6149,4395.0,19,4,Güneşli,10.0,5,0,2,25-34
6150,1240.0,19,4,Güneşli,12.0,2,0,1,25-34
6151,3900.0,19,4,Yağmurlu,8.0,4,0,2,25-34
6152,1765.0,19,4,Yağmurlu,11.0,3,0,1,25-34
6153,2055.0,19,4,Güneşli,21.0,3,0,1,25-34
6154,2415.0,19,4,Yağmurlu,17.0,4,0,2,25-34
6155,3490.0,19,4,Soğuk/Karlı,21.0,3,0,1,25-34
6156,2385.0,19,4,Bulutlu,23.0,4,0,2,25-34
6157,2230.0,19,4,Güneşli,11.0,4,0,2,25-34
6158,2175.0,19,4,Güneşli,21.0,3,0,1,25-34
6159,2620.0,20,4,Güneşli,13.0,3,0,1,25-34
6160,1845.0,20,4,Güneşli,10.0,3,0,1,25-34
6161,2090.0,20,4,Soğuk/Karlı,15.0,4,0,2,25-34
6162,1655.0,20,4,Güneşli,14.0,3,0,1,25-34
6163,2415.0,20,4,Bulutlu,25.0,2,0,1,25-34
6164,4045.0,20,4,Güneşli,12.0,3,0,1,25-34
6165,3110.0,20,4,Soğuk/Karlı,10.0,5,0,2,25-34
6166,2460.0,20,4,Yağmurlu,14.0,4,0,2,25-34
6167,1490.0,20,4,Soğuk/Karlı,23.0,2,0,1,25-34
6168,1790.0,20,4,Soğuk/Karlı,8.0,5,0,2,25-34
6169,3515.0,20,4,Soğuk/Karlı,18.0,3,0,1,25-34
6170,1675.0,20,4,Soğuk/Karlı,8.0,4,0,2,25-34
6171,1665.0,20,4,Soğuk/Karlı,22.0,2,0,1,25-34
6172,2670.0,20,4,Soğuk/Karlı,14.0,4,0,2,25-34
6173,3590.0,20,4,Güneşli,13.0,4,0,2,25-34
6174,1380.0,21,4,Yağmurlu,9.0,3,0,1,25-34
6175,1230.0,21,4,Yağmurlu,14.0,3,0,1,25-34
6176,2990.0,21,4,Yağmurlu,15.0,4,0,2,25-34
6177,1855.0,21,4,Soğuk/Karlı,26.0,5,0,2,25-34
6178,1450.0,21,4,Soğuk/Karlı,20.0,3,0,1,25-34
6179,1830.0,21,4,Yağmurlu,16.0,3,0,1,25-34
6180,3590.0,21,4,Soğuk/Karlı,10.0,4,0,2,25-34
6181,3600.0,21,4,Yağmurlu,23.0,5,0,2,25-34
6182,2435.0,21,4,Yağmurlu,20.0,4,0,2,25-34
6183,4290.0,21,4,Bulutlu,14.0,4,0,2,25-34
6184,1020.0,21,4,Soğuk/Karlı,14.0,3,0,1,25-34
6185,2600.0,21,4,Yağmurlu,16.0,3,0,1,25-34
6186,2100.0,21,4,Soğuk/Karlı,19.0,4,0,2,25-34
6187,2540.0,21,4,Güneşli,22.0,4,0,2,25-34
6188,3085.0,21,4,Güneşli,16.0,3,0,1,25-34
6189,2470.0,21,4,Soğuk/Karlı,17.0,4,0,2,25-34
6190,1690.0,21,4,Bulutlu,23.0,3,0,1,25-34
6191,2520.0,21,4,Bulutlu,25.0,4,0,2,25-34
6192,2220.0,21,4,Bulutlu,19.0,2,0,1,25-34
6193,1905.0,21,4,Yağmurlu,8.0,3,0,1,25-34
6194,2665.0,21,4,Soğuk/Karlı,11.0,5,0,2,25-34
6195,4205.0,21,4,Yağmurlu,15.0,4,0,2,25-34
6196,2600.0,21,4,Bulutlu,18.0,4,0,2,25-34
6197,3400.0,21,4,Bulutlu,21.0,5,0,2,25-34
6198,1440.0,21,4,Güneşli,12.0,3,0,1,25-34
6199,2725.0,21,4,Bulutlu,21.0,4,0,2,25-34
6200,3280.0,21,4,Bulutlu,10.0,3,0,1,25-34
6201,2990.0,21,4,Soğuk/Karlı,25.0,4,0,2,25-34
6202,2010.0,21,4,Güneşli,10.0,4,0,2,25-34
6203,2055.0,21,4,Güneşli,14.0,3,0,1,25-34
6204,3310.0,21,4,Bulutlu,10.0,4,0,2,25-34
6205,3390.0,21,4,Güneşli,9.0,4,0,2,25-34
6206,2755.0,21,4,Güneşli,23.0,3,0,1,25-34
6207,4520.0,21,4,Bulutlu,14.0,5,0,2,25-34
6208,2385.0,21,4,Yağmurlu,18.0,5,0,2,25-34
6209,280.0,22,4,Bulutlu,16.0,2,0,1,25-34
6210,275.0,22,4,Yağmurlu,20.0,2,0,1,25-34
6211,355.0,23,4,Güneşli,24.0,2,0,1,25-34
6212,45.0,23,4,Yağmurlu,11.0,1,0,1,25-34
6213,225.0,0,5,Güneşli,11.0,2,0,1,25-34
6214,115.0,0,5,Soğuk/Karlı,18.0,1,0,1,25-34
6215,260.0,1,5,Soğuk/Karlı,19.0,2,0,1,25-34
6216,255.0,1,5,Bulutlu,15.0,2,0,1,25-34
6217,160.0,1,5,Soğuk/Karlı,24.0,2,0,1,25-34
6218,45.0,1,5,Güneşli,14.0,1,0,1,25-34
6219,390.0,8,5,Yağmurlu,19.0,2,0,1,25-34
6220,425.0,8,5,Yağmurlu,24.0,2,0,1,25-34
6221,495.0,8,5,Bulutlu,10.0,2,0,1,25-34
6222,425.0,8,5,Yağmurlu,26.0,2,0,1,25-34
6223,1110.0,8,5,Soğuk/Karlı,25.0,2,0,1,25-34
6224,700.0,8,5,Soğuk/Karlı,25.0,2,0,1,25-34
6225,770.0,8,5,Güneşli,21.0,2,0,1,25-34
6226,700.0,8,5,Yağmurlu,22.0,2,0,1,25-34
6227,495.0,8,5,Bulutlu,10.0,2,0,1,25-34
6228,1005.0,8,5,Güneşli,20.0,2,0,1,25-34
6229,530.0,8,5,Yağmurlu,14.0,2,0,1,25-34
6230,1110.0,9,5,Güneşli,21.0,2,0,1,25-34
6231,770.0,9,5,Yağmurlu,15.0,2,0,1,25-34
6232,770.0,9,5,Soğuk/Karlı,16.0,2,0,1,25-34
6233,530.0,9,5,Yağmurlu,10.0,2,0,1,25-34
6234,665.0,9,5,Güneşli,26.0,2,0,1,25-34
6235,390.0,10,5,Bulutlu,16.0,2,0,1,25-34
6236,1005.0,10,5,Yağmurlu,24.0,2,0,1,25-34
6237,425.0,10,5,Güneşli,20.0,2,0,1,25-34
6238,1075.0,10,5,Yağmurlu,13.0,2,0,1,25-34
6239,530.0,10,5,Güneşli,8.0,2,0,1,25-34
6240,1075.0,10,5,Güneşli,26.0,2,0,1,25-34
6241,735.0,10,5,Soğuk/Karlı,8.0,2,0,1,25-34
6242,425.0,10,5,Güneşli,25.0,2,0,1,25-34
6243,970.0,10,5,Bulutlu,24.0,2,0,1,25-34
6244,1005.0,10,5,Soğuk/Karlı,18.0,2,0,1,25-34
6245,65.0,11,5,Soğuk/Karlı,13.0,1,0,1,25-34
6246,305.0,11,5,Soğuk/Karlı,15.0,2,0,1,25-34
6247,35.0,11,5,Güneşli,22.0,1,0,1,25-34
6248,535.0,12,5,Soğuk/Karlı,16.0,3,0,1,25-34
6249,585.0,12,5,Bulutlu,8.0,3,0,1,25-34
6250,535.0,12,5,Güneşli,12.0,3,0,1,25-34
6251,395.0,12,5,Güneşli,16.0,2,0,1,25-34
6252,495.0,12,5,Bulutlu,11.0,3,0,1,25-34
6253,375.0,12,5,Bulutlu,16.0,2,0,1,25-34
6254,445.0,12,5,Güneşli,12.0,2,0,1,25-34
6255,340.0,12,5,Bulutlu,13.0,2,0,1,25-34
6256,465.0,12,5,Güneşli,9.0,2,0,1,25-34
6257,445.0,12,5,Yağmurlu,16.0,2,0,1,25-34
6258,465.0,12,5,Yağmurlu,17.0,2,0,1,25-34
6259,445.0,12,5,Soğuk/Karlı,20.0,2,0,1,25-34
6260,325.0,12,5,Bulutlu,15.0,2,0,1,25-34
6261,325.0,12,5,Bulutlu,17.0,2,0,1,25-34
6262,535.0,12,5,Soğuk/Karlı,22.0,3,0,1,25-34
6263,585.0,12,5,Güneşli,10.0,3,0,1,25-34
6264,455.0,12,5,Bulutlu,10.0,3,0,1,25-34
6265,585.0,12,5,Yağmurlu,21.0,3,0,1,25-34
6266,535.0,12,5,Soğuk/Karlı,15.0,3,0,1,25-34
6267,535.0,12,5,Yağmurlu,25.0,3,0,1,25-34
6268,465.0,12,5,Yağmurlu,9.0,2,0,1,25-34
6269,465.0,12,5,Güneşli,23.0,2,0,1,25-34
6270,355.0,13,5,Yağmurlu,20.0,2,0,1,25-34
6271,340.0,13,5,Yağmurlu,14.0,2,0,1,25-34
6272,495.0,13,5,Soğuk/Karlı,17.0,3,0,1,25-34
6273,495.0,13,5,Soğuk/Karlı,12.0,3,0,1,25-34
6274,445.0,13,5,Soğuk/Karlı,15.0,2,0,1,25-34
6275,535.0,13,5,Yağmurlu,20.0,3,0,1,25-34
6276,495.0,13,5,Bulutlu,16.0,3,0,1,25-34
6277,495.0,13,5,Güneşli,8.0,3,0,1,25-34
6278,325.0,13,5,Soğuk/Karlı,12.0,2,0,1,25-34
6279,585.0,13,5,Soğuk/Karlı,26.0,3,0,1,25-34
6280,395.0,13,5,Bulutlu,23.0,2,0,1,25-34
6281,375.0,13,5,Güneşli,25.0,2,0,1,25-34
6282,585.0,13,5,Güneşli,15.0,3,0,1,25-34
6283,340.0,13,5,Güneşli,19.0,2,0,1,25-34
6284,325.0,13,5,Yağmurlu,11.0,2,0,1,25-34
6285,75.0,14,5,Bulutlu,25.0,1,0,1,25-34
6286,65.0,14,5,Yağmurlu,8.0,1,0,1,25-34
6287,85.0,15,5,Güneşli,17.0,1,0,1,25-34
6288,35.0,15,5,Yağmurlu,23.0,1,0,1,25-34
6289,115.0,15,5,Yağmurlu,15.0,1,0,1,25-34
6290,130.0,15,5,Yağmurlu,25.0,1,0,1,25-34
6291,215.0,16,5,Yağmurlu,21.0,2,0,1,25-34
6292,295.0,16,5,Soğuk/Karlı,16.0,2,0,1,25-34
6293,160.0,16,5,Güneşli,24.0,2,0,1,25-34
6294,325.0,16,5,Soğuk/Karlı,11.0,2,0,1,25-34
6295,220.0,17,5,Yağmurlu,9.0,2,0,1,25-34
6296,75.0,17,5,Güneşli,13.0,1,0,1,25-34
6297,85.0,17,5,Güneşli,14.0,1,0,1,25-34
6298,130.0,18,5,Soğuk/Karlı,23.0,1,0,1,25-34
6299,305.0,18,5,Yağmurlu,25.0,2,0,1,25-34
6300,3000.0,19,5,Soğuk/Karlı,12.0,3,0,1,25-34
6301,3845.0,19,5,Yağmurlu,22.0,4,0,2,25-34
6302,3255.0,19,5,Bulutlu,13.0,4,0,2,25-34
6303,2925.0,19,5,Soğuk/Karlı,13.0,3,0,1,25-34
6304,3915.0,19,5,Soğuk/Karlı,17.0,3,0,1,25-34
6305,3220.0,19,5,Yağmurlu,12.0,5,0,2,25-34
6306,1360.0,19,5,Bulutlu,10.0,3,0,1,25-34
6307,3140.0,19,5,Yağmurlu,15.0,4,0,2,25-34
6308,3495.0,19,5,Güneşli,17.0,3,0,1,25-34
6309,2940.0,19,5,Yağmurlu,8.0,5,0,2,25-34
6310,1360.0,19,5,Güneşli,24.0,3,0,1,25-34
6311,2955.0,19,5,Soğuk/Karlı,13.0,4,0,2,25-34
6312,1965.0,19,5,Bulutlu,8.0,4,0,2,25-34
6313,1360.0,19,5,Bulutlu,21.0,3,0,1,25-34
6314,2325.0,19,5,Yağmurlu,22.0,5,0,2,25-34
6315,2160.0,19,5,Soğuk/Karlı,18.0,3,0,1,25-34
6316,1970.0,19,5,Bulutlu,24.0,5,0,2,25-34
6317,1900.0,19,5,Soğuk/Karlı,11.0,3,0,1,25-34
6318,1620.0,19,5,Soğuk/Karlı,18.0,4,0,2,25-34
6319,3795.0,20,5,Güneşli,14.0,4,0,2,25-34
6320,1185.0,20,5,Soğuk/Karlı,21.0,4,0,2,25-34
6321,3015.0,20,5,Güneşli,10.0,5,0,2,25-34
6322,3165.0,20,5,Yağmurlu,12.0,4,0,2,25-34
6323,3675.0,20,5,Soğuk/Karlı,14.0,3,0,1,25-34
6324,3370.0,20,5,Güneşli,26.0,3,0,1,25-34
6325,2340.0,20,5,Yağmurlu,22.0,4,0,2,25-34
6326,2900.0,20,5,Yağmurlu,19.0,4,0,2,25-34
6327,3655.0,20,5,Soğuk/Karlı,16.0,4,0,2,25-34
6328,3680.0,20,5,Yağmurlu,21.0,4,0,2,25-34
6329,3390.0,20,5,Güneşli,25.0,3,0,1,25-34
6330,3155.0,20,5,Güneşli,16.0,5,0,2,25-34
6331,3325.0,20,5,Soğuk/Karlı,26.0,3,0,1,25-34
6332,2500.0,20,5,Güneşli,26.0,4,0,2,25-34
6333,2160.0,20,5,Bulutlu,8.0,5,0,2,25-34
6334,3160.0,20,5,Güneşli,15.0,5,0,2,25-34
6335,3020.0,20,5,Bulutlu,26.0,4,0,2,25-34
6336,2555.0,20,5,Güneşli,10.0,2,0,1,25-34
6337,3815.0,20,5,Güneşli,8.0,4,0,2,25-34
6338,3050.0,20,5,Soğuk/Karlı,15.0,4,0,2,25-34
6339,2150.0,20,5,Soğuk/Karlı,14.0,5,0,2,25-34
6340,3485.0,20,5,Soğuk/Karlı,26.0,3,0,1,25-34
6341,2640.0,20,5,Bulutlu,24.0,4,0,2,25-34
6342,3100.0,20,5,Soğuk/Karlı,15.0,3,0,1,25-34
6343,2245.0,20,5,Yağmurlu,21.0,5,0,2,25-34
6344,1240.0,20,5,Bulutlu,9.0,3,0,1,25-34
6345,1640.0,20,5,Soğuk/Karlı,20.0,3,0,1,25-34
6346,2750.0,20,5,Yağmurlu,12.0,5,0,2,25-34
6347,4315.0,20,5,Yağmurlu,9.0,3,0,1,25-34
6348,2500.0,20,5,Bulutlu,11.0,3,0,1,25-34
6349,3120.0,20,5,Güneşli,8.0,3,0,1,25-34
6350,1950.0,21,5,Bulutlu,18.0,3,0,1,25-34
6351,4335.0,21,5,Soğuk/Karlı,22.0,3,0,1,25-34
6352,2340.0,21,5,Güneşli,25.0,4,0,2,25-34
6353,2715.0,21,5,Soğuk/Karlı,26.0,5,0,2,25-34
6354,2190.0,21,5,Bulutlu,20.0,4,0,2,25-34
6355,3690.0,21,5,Bulutlu,24.0,4,0,2,25-34
6356,3050.0,21,5,Yağmurlu,10.0,3,0,1,25-34
6357,3065.0,21,5,Bulutlu,17.0,4,0,2,25-34
6358,3370.0,21,5,Bulutlu,17.0,4,0,2,25-34
6359,1890.0,21,5,Yağmurlu,9.0,2,0,1,25-34
6360,1950.0,21,5,Bulutlu,14.0,2,0,1,25-34
6361,2205.0,21,5,Yağmurlu,15.0,4,0,2,25-34
6362,2165.0,21,5,Soğuk/Karlı,19.0,5,0,2,25-34
6363,2310.0,21,5,Bulutlu,9.0,3,0,1,25-34
6364,3000.0,21,5,Yağmurlu,26.0,4,0,2,25-34
6365,1995.0,21,5,Yağmurlu,20.0,3,0,1,25-34
6366,3955.0,21,5,Soğuk/Karlı,17.0,3,0,1,25-34
6367,2920.0,21,5,Güneşli,11.0,2,0,1,25-34
6368,1790.0,21,5,Soğuk/Karlı,23.0,5,0,2,25-34
6369,3085.0,21,5,Soğuk/Karlı,12.0,4,0,2,25-34
6370,2210.0,21,5,Yağmurlu,21.0,5,0,2,25-34
6371,2715.0,21,5,Bulutlu,13.0,4,0,2,25-34
6372,60.0,22,5,Soğuk/Karlı,24.0,1,0,1,25-34
6373,260.0,22,5,Bulutlu,20.0,2,0,1,25-34
6374,115.0,22,5,Bulutlu,26.0,1,0,1,25-34
6375,60.0,22,5,Soğuk/Karlı,8.0,1,0,1,25-34
6376,270.0,23,5,Bulutlu,12.0,2,0,1,25-34
6377,45.0,23,5,Güneşli,9.0,1,0,1,25-34
6378,335.0,0,6,Yağmurlu,26.0,2,1,1,25-34
6379,85.0,0,6,Güneşli,14.0,1,1,1,25-34
6380,130.0,0,6,Bulutlu,25.0,1,1,1,25-34
6381,275.0,1,6,Soğuk/Karlı,14.0,2,1,1,25-34
6382,1040.0,8,6,Güneşli,13.0,2,1,1,25-34
6383,665.0,8,6,Bulutlu,18.0,2,1,1,25-34
6384,735.0,8,6,Güneşli,21.0,2,1,1,25-34
6385,1110.0,8,6,Bulutlu,19.0,2,1,1,25-34
6386,700.0,8,6,Yağmurlu,17.0,2,1,1,25-34
6387,1110.0,8,6,Bulutlu,16.0,2,1,1,25-34
6388,530.0,9,6,Bulutlu,15.0,2,1,1,25-34
6389,460.0,9,6,Yağmurlu,9.0,2,1,1,25-34
6390,770.0,9,6,Bulutlu,8.0,2,1,1,25-34
6391,970.0,9,6,Güneşli,8.0,2,1,1,25-34
6392,1040.0,9,6,Yağmurlu,21.0,2,1,1,25-34
6393,1040.0,9,6,Bulutlu,13.0,2,1,1,25-34
6394,1110.0,9,6,Yağmurlu,20.0,2,1,1,25-34
6395,770.0,9,6,Soğuk/Karlı,16.0,2,1,1,25-34
6396,770.0,9,6,Güneşli,10.0,2,1,1,25-34
6397,1110.0,9,6,Yağmurlu,8.0,2,1,1,25-34
6398,460.0,10,6,Soğuk/Karlı,10.0,2,1,1,25-34
6399,390.0,10,6,Yağmurlu,21.0,2,1,1,25-34
6400,1005.0,10,6,Yağmurlu,10.0,2,1,1,25-34
6401,735.0,10,6,Soğuk/Karlı,11.0,2,1,1,25-34
6402,770.0,10,6,Bulutlu,14.0,2,1,1,25-34
6403,425.0,10,6,Soğuk/Karlı,10.0,2,1,1,25-34
6404,1075.0,10,6,Güneşli,9.0,2,1,1,25-34
6405,735.0,10,6,Soğuk/Karlı,20.0,2,1,1,25-34
6406,460.0,10,6,Yağmurlu,10.0,2,1,1,25-34
6407,1005.0,10,6,Güneşli,23.0,2,1,1,25-34
6408,390.0,10,6,Güneşli,20.0,2,1,1,25-34
6409,60.0,11,6,Güneşli,9.0,1,1,1,25-34
6410,60.0,11,6,Güneşli,8.0,1,1,1,25-34
6411,150.0,11,6,Güneşli,25.0,2,1,1,25-34
6412,45.0,11,6,Güneşli,16.0,1,1,1,25-34
6413,375.0,12,6,Güneşli,21.0,2,1,1,25-34
6414,535.0,12,6,Soğuk/Karlı,13.0,3,1,1,25-34
6415,465.0,12,6,Güneşli,16.0,2,1,1,25-34
6416,445.0,12,6,Yağmurlu,15.0,2,1,1,25-34
6417,455.0,12,6,Yağmurlu,16.0,3,1,1,25-34
6418,465.0,12,6,Yağmurlu,17.0,2,1,1,25-34
6419,495.0,12,6,Yağmurlu,20.0,3,1,1,25-34
6420,340.0,12,6,Bulutlu,20.0,2,1,1,25-34
6421,535.0,12,6,Bulutlu,21.0,3,1,1,25-34
6422,495.0,12,6,Güneşli,14.0,3,1,1,25-34
6423,465.0,12,6,Soğuk/Karlı,9.0,2,1,1,25-34
6424,325.0,12,6,Yağmurlu,19.0,2,1,1,25-34
6425,465.0,12,6,Bulutlu,17.0,2,1,1,25-34
6426,495.0,12,6,Yağmurlu,24.0,3,1,1,25-34
6427,340.0,12,6,Bulutlu,23.0,2,1,1,25-34
6428,585.0,12,6,Soğuk/Karlı,14.0,3,1,1,25-34
6429,455.0,12,6,Soğuk/Karlı,25.0,3,1,1,25-34
6430,395.0,12,6,Güneşli,22.0,2,1,1,25-34
6431,495.0,12,6,Bulutlu,19.0,3,1,1,25-34
6432,495.0,12,6,Soğuk/Karlı,11.0,3,1,1,25-34
6433,585.0,12,6,Yağmurlu,14.0,3,1,1,25-34
6434,355.0,12,6,Güneşli,8.0,2,1,1,25-34
6435,455.0,13,6,Yağmurlu,22.0,3,1,1,25-34
6436,395.0,13,6,Güneşli,22.0,2,1,1,25-34
6437,455.0,13,6,Güneşli,13.0,3,1,1,25-34
6438,585.0,13,6,Bulutlu,21.0,3,1,1,25-34
6439,355.0,13,6,Bulutlu,16.0,2,1,1,25-34
6440,535.0,13,6,Soğuk/Karlı,20.0,3,1,1,25-34
6441,495.0,13,6,Yağmurlu,19.0,3,1,1,25-34
6442,355.0,13,6,Yağmurlu,24.0,2,1,1,25-34
6443,340.0,13,6,Güneşli,25.0,2,1,1,25-34
6444,355.0,13,6,Güneşli,11.0,2,1,1,25-34
6445,465.0,13,6,Bulutlu,20.0,2,1,1,25-34
6446,455.0,13,6,Yağmurlu,16.0,3,1,1,25-34
6447,325.0,13,6,Soğuk/Karlı,26.0,2,1,1,25-34
6448,60.0,14,6,Bulutlu,17.0,1,1,1,25-34
6449,115.0,15,6,Güneşli,8.0,1,1,1,25-34
6450,180.0,15,6,Bulutlu,18.0,2,1,1,25-34
6451,295.0,16,6,Güneşli,12.0,2,1,1,25-34
6452,305.0,17,6,Bulutlu,13.0,2,1,1,25-34
6453,65.0,17,6,Bulutlu,22.0,1,1,1,25-34
6454,130.0,18,6,Yağmurlu,26.0,1,1,1,25-34
6455,1105.0,19,6,Soğuk/Karlı,15.0,4,1,2,25-34
6456,3585.0,19,6,Soğuk/Karlı,8.0,4,1,2,25-34
6457,2740.0,19,6,Soğuk/Karlı,21.0,3,1,1,25-34
6458,3920.0,19,6,Bulutlu,18.0,3,1,1,25-34
6459,1790.0,19,6,Güneşli,16.0,5,1,2,25-34
6460,4290.0,19,6,Yağmurlu,9.0,3,1,1,25-34
6461,2375.0,19,6,Soğuk/Karlı,23.0,3,1,1,25-34
6462,1570.0,19,6,Bulutlu,24.0,2,1,1,25-34
6463,1780.0,19,6,Soğuk/Karlı,11.0,4,1,2,25-34
6464,2250.0,19,6,Yağmurlu,15.0,4,1,2,25-34
6465,2125.0,19,6,Güneşli,14.0,2,1,1,25-34
6466,1875.0,19,6,Yağmurlu,19.0,3,1,1,25-34
6467,2645.0,19,6,Bulutlu,26.0,5,1,2,25-34
6468,1860.0,19,6,Bulutlu,14.0,3,1,1,25-34
6469,4085.0,19,6,Bulutlu,17.0,4,1,2,25-34
6470,2840.0,19,6,Soğuk/Karlı,22.0,3,1,1,25-34
6471,2470.0,19,6,Yağmurlu,22.0,4,1,2,25-34
6472,3375.0,19,6,Bulutlu,25.0,2,1,1,25-34
6473,1385.0,19,6,Yağmurlu,20.0,4,1,2,25-34
6474,3325.0,19,6,Güneşli,18.0,3,1,1,25-34
6475,1480.0,19,6,Güneşli,22.0,2,1,1,25-34
6476,2720.0,19,6,Güneşli,16.0,3,1,1,25-34
6477,1970.0,19,6,Güneşli,13.0,5,1,2,25-34
6478,2490.0,19,6,Güneşli,15.0,4,1,2,25-34
6479,2615.0,20,6,Soğuk/Karlı,10.0,3,1,1,25-34
6480,2085.0,20,6,Güneşli,20.0,3,1,1,25-34
6481,2330.0,20,6,Yağmurlu,11.0,4,1,2,25-34
6482,2580.0,20,6,Güneşli,20.0,5,1,2,25-34
6483,2175.0,20,6,Bulutlu,18.0,3,1,1,25-34
6484,3400.0,20,6,Soğuk/Karlı,11.0,4,1,2,25-34
6485,2535.0,20,6,Bulutlu,20.0,5,1,2,25-34
6486,3580.0,20,6,Soğuk/Karlı,17.0,5,1,2,25-34
6487,2400.0,20,6,Soğuk/Karlı,23.0,2,1,1,25-34
6488,3570.0,20,6,Bulutlu,17.0,3,1,1,25-34
6489,1860.0,20,6,Bulutlu,14.0,4,1,2,25-34
6490,1420.0,20,6,Bulutlu,25.0,4,1,2,25-34
6491,4370.0,20,6,Yağmurlu,19.0,4,1,2,25-34
6492,2320.0,20,6,Yağmurlu,18.0,3,1,1,25-34
6493,1260.0,20,6,Soğuk/Karlı,12.0,4,1,2,25-34
6494,3025.0,20,6,Soğuk/Karlı,23.0,5,1,2,25-34
6495,2620.0,20,6,Soğuk/Karlı,15.0,5,1,2,25-34
6496,2005.0,20,6,Güneşli,12.0,4,1,2,25-34
6497,3690.0,20,6,Yağmurlu,16.0,4,1,2,25-34
6498,1980.0,20,6,Yağmurlu,14.0,4,1,2,25-34
6499,1995.0,20,6,Güneşli,17.0,4,1,2,25-34
6500,1730.0,20,6,Bulutlu,11.0,3,1,1,25-34
6501,4020.0,20,6,Bulutlu,8.0,4,1,2,25-34
6502,1770.0,20,6,Yağmurlu,23.0,4,1,2,25-34
6503,4045.0,20,6,Soğuk/Karlı,23.0,3,1,1,25-34
6504,1850.0,20,6,Bulutlu,23.0,3,1,1,25-34
6505,2355.0,20,6,Soğuk/Karlı,26.0,5,1,2,25-34
6506,2640.0,20,6,Soğuk/Karlı,21.0,4,1,2,25-34
6507,2200.0,20,6,Bulutlu,10.0,5,1,2,25-34
6508,3260.0,20,6,Bulutlu,22.0,5,1,2,25-34
6509,2775.0,20,6,Güneşli,17.0,2,1,1,25-34
6510,3255.0,20,6,Bulutlu,12.0,4,1,2,25-34
6511,1190.0,20,6,Güneşli,15.0,4,1,2,25-34
6512,2520.0,21,6,Yağmurlu,22.0,4,1,2,25-34
6513,1820.0,21,6,Bulutlu,22.0,4,1,2,25-34
6514,4000.0,21,6,Bulutlu,18.0,2,1,1,25-34
6515,3525.0,21,6,Güneşli,26.0,1,1,1,25-34
6516,3100.0,21,6,Yağmurlu,13.0,3,1,1,25-34
6517,4395.0,21,6,Bulutlu,14.0,3,1,1,25-34
6518,1980.0,21,6,Bulutlu,26.0,4,1,2,25-34
6519,1890.0,21,6,Yağmurlu,26.0,4,1,2,25-34
6520,2720.0,21,6,Bulutlu,23.0,3,1,1,25-34
6521,2640.0,21,6,Güneşli,24.0,3,1,1,25-34
6522,1645.0,21,6,Soğuk/Karlı,9.0,3,1,1,25-34
6523,3795.0,21,6,Bulutlu,13.0,5,1,2,25-34
6524,3285.0,21,6,Yağmurlu,24.0,5,1,2,25-34
6525,1530.0,21,6,Bulutlu,13.0,4,1,2,25-34
6526,2825.0,21,6,Güneşli,22.0,3,1,1,25-34
6527,2615.0,21,6,Bulutlu,22.0,4,1,2,25-34
6528,2565.0,21,6,Soğuk/Karlı,13.0,5,1,2,25-34
6529,3425.0,21,6,Soğuk/Karlı,13.0,4,1,2,25-34
6530,3675.0,21,6,Soğuk/Karlı,25.0,3,1,1,25-34
6531,2010.0,21,6,Yağmurlu,14.0,4,1,2,25-34
6532,1790.0,21,6,Soğuk/Karlı,22.0,4,1,2,25-34
6533,2565.0,21,6,Bulutlu,9.0,3,1,1,25-34
6534,1710.0,21,6,Yağmurlu,11.0,2,1,1,25-34
6535,2880.0,21,6,Güneşli,15.0,3,1,1,25-34
6536,2240.0,21,6,Yağmurlu,18.0,4,1,2,25-34
6537,4905.0,21,6,Güneşli,21.0,4,1,2,25-34
6538,3905.0,21,6,Güneşli,17.0,5,1,2,25-34
6539,60.0,22,6,Güneşli,16.0,1,1,1,25-34
6540,75.0,22,6,Bulutlu,20.0,1,1,1,25-34
6541,275.0,23,6,Yağmurlu,19.0,2,1,1,25-34
6542,65.0,23,6,Güneşli,12.0,1,1,1,25-34
6543,260.0,0,0,Yağmurlu,16.0,2,1,1,25-34
6544,65.0,0,0,Soğuk/Karlı,26.0,1,1,1,25-34
6545,85.0,0,0,Güneşli,18.0,1,1,1,25-34
6546,335.0,0,0,Güneşli,8.0,2,1,1,25-34
6547,315.0,1,0,Güneşli,20.0,2,1,1,25-34
6548,310.0,1,0,Soğuk/Karlı,14.0,2,1,1,25-34
6549,460.0,8,0,Yağmurlu,9.0,2,1,1,25-34
6550,390.0,8,0,Soğuk/Karlı,19.0,2,1,1,25-34
6551,425.0,8,0,Yağmurlu,8.0,2,1,1,25-34
6552,1005.0,8,0,Soğuk/Karlı,11.0,2,1,1,25-34
6553,530.0,8,0,Yağmurlu,8.0,2,1,1,25-34
6554,1075.0,8,0,Soğuk/Karlı,16.0,2,1,1,25-34
6555,390.0,8,0,Yağmurlu,12.0,2,1,1,25-34
6556,1110.0,8,0,Yağmurlu,15.0,2,1,1,25-34
6557,1005.0,9,0,Bulutlu,9.0,2,1,1,25-34
6558,1075.0,9,0,Soğuk/Karlı,15.0,2,1,1,25-34
6559,700.0,9,0,Soğuk/Karlı,21.0,2,1,1,25-34
6560,665.0,9,0,Bulutlu,11.0,2,1,1,25-34
6561,1110.0,9,0,Güneşli,12.0,2,1,1,25-34
6562,665.0,9,0,Yağmurlu,11.0,2,1,1,25-34
6563,770.0,9,0,Bulutlu,26.0,2,1,1,25-34
6564,970.0,10,0,Bulutlu,22.0,2,1,1,25-34
6565,700.0,10,0,Soğuk/Karlı,26.0,2,1,1,25-34
6566,735.0,10,0,Güneşli,10.0,2,1,1,25-34
6567,970.0,10,0,Güneşli,20.0,2,1,1,25-34
6568,770.0,10,0,Güneşli,14.0,2,1,1,25-34
6569,1110.0,10,0,Güneşli,19.0,2,1,1,25-34
6570,630.0,10,0,Yağmurlu,26.0,2,1,1,25-34
6571,530.0,10,0,Soğuk/Karlı,10.0,2,1,1,25-34
6572,630.0,10,0,Yağmurlu,20.0,2,1,1,25-34
6573,130.0,11,0,Bulutlu,26.0,1,1,1,25-34
6574,85.0,11,0,Soğuk/Karlı,15.0,1,1,1,25-34
6575,340.0,12,0,Yağmurlu,11.0,2,1,1,25-34
6576,445.0,12,0,Güneşli,22.0,2,1,1,25-34
6577,465.0,12,0,Soğuk/Karlı,9.0,2,1,1,25-34
6578,465.0,12,0,Bulutlu,12.0,2,1,1,25-34
6579,455.0,12,0,Güneşli,8.0,3,1,1,25-34
6580,535.0,12,0,Güneşli,17.0,3,1,1,25-34
6581,585.0,12,0,Soğuk/Karlı,15.0,3,1,1,25-34
6582,495.0,12,0,Soğuk/Karlı,25.0,3,1,1,25-34
6583,325.0,12,0,Soğuk/Karlı,12.0,2,1,1,25-34
6584,355.0,12,0,Bulutlu,18.0,2,1,1,25-34
6585,325.0,12,0,Soğuk/Karlı,8.0,2,1,1,25-34
6586,455.0,12,0,Bulutlu,8.0,3,1,1,25-34
6587,455.0,12,0,Bulutlu,15.0,3,1,1,25-34
6588,465.0,12,0,Bulutlu,17.0,2,1,1,25-34
6589,455.0,12,0,Güneşli,17.0,3,1,1,25-34
6590,375.0,12,0,Yağmurlu,11.0,2,1,1,25-34
6591,355.0,12,0,Yağmurlu,14.0,2,1,1,25-34
6592,535.0,12,0,Soğuk/Karlı,11.0,3,1,1,25-34
6593,535.0,12,0,Yağmurlu,23.0,3,1,1,25-34
6594,465.0,13,0,Güneşli,21.0,2,1,1,25-34
6595,495.0,13,0,Bulutlu,15.0,3,1,1,25-34
6596,455.0,13,0,Soğuk/Karlı,18.0,3,1,1,25-34
6597,585.0,13,0,Bulutlu,18.0,3,1,1,25-34
6598,495.0,13,0,Güneşli,19.0,3,1,1,25-34
6599,455.0,13,0,Güneşli,14.0,3,1,1,25-34
6600,325.0,13,0,Yağmurlu,16.0,2,1,1,25-34
6601,325.0,13,0,Soğuk/Karlı,23.0,2,1,1,25-34
6602,395.0,13,0,Bulutlu,25.0,2,1,1,25-34
6603,375.0,13,0,Bulutlu,8.0,2,1,1,25-34
6604,495.0,13,0,Bulutlu,12.0,3,1,1,25-34
6605,455.0,13,0,Bulutlu,13.0,3,1,1,25-34
6606,325.0,13,0,Yağmurlu,22.0,2,1,1,25-34
6607,115.0,14,0,Bulutlu,12.0,1,1,1,25-34
6608,75.0,14,0,Soğuk/Karlı,23.0,1,1,1,25-34
6609,235.0,15,0,Soğuk/Karlı,13.0,2,1,1,25-34
6610,130.0,16,0,Soğuk/Karlı,18.0,1,1,1,25-34
6611,260.0,16,0,Bulutlu,11.0,2,1,1,25-34
6612,210.0,16,0,Yağmurlu,13.0,2,1,1,25-34
6613,45.0,16,0,Yağmurlu,19.0,1,1,1,25-34
6614,85.0,17,0,Güneşli,17.0,1,1,1,25-34
6615,75.0,18,0,Bulutlu,10.0,1,1,1,25-34
6616,115.0,18,0,Soğuk/Karlı,17.0,1,1,1,25-34
6617,225.0,18,0,Güneşli,19.0,2,1,1,25-34
6618,4340.0,19,0,Soğuk/Karlı,8.0,5,1,2,25-34
6619,1880.0,19,0,Yağmurlu,10.0,5,1,2,25-34
6620,3480.0,19,0,Soğuk/Karlı,25.0,3,1,1,25-34
6621,1860.0,19,0,Güneşli,18.0,4,1,2,25-34
6622,3060.0,19,0,Yağmurlu,12.0,4,1,2,25-34
6623,2760.0,19,0,Soğuk/Karlı,25.0,3,1,1,25-34
6624,2160.0,19,0,Güneşli,10.0,4,1,2,25-34
6625,3740.0,19,0,Güneşli,22.0,3,1,1,25-34
6626,1730.0,19,0,Soğuk/Karlı,22.0,4,1,2,25-34
6627,3680.0,19,0,Güneşli,14.0,4,1,2,25-34
6628,1760.0,19,0,Bulutlu,23.0,4,1,2,25-34
6629,3290.0,19,0,Yağmurlu,23.0,4,1,2,25-34
6630,1495.0,19,0,Güneşli,24.0,4,1,2,25-34
6631,2355.0,19,0,Güneşli,22.0,5,1,2,25-34
6632,3100.0,19,0,Bulutlu,26.0,3,1,1,25-34
6633,2960.0,19,0,Bulutlu,26.0,4,1,2,25-34
6634,1030.0,19,0,Soğuk/Karlı,15.0,2,1,1,25-34
6635,2795.0,19,0,Soğuk/Karlı,26.0,2,1,1,25-34
6636,3545.0,19,0,Güneşli,8.0,3,1,1,25-34
6637,1595.0,19,0,Bulutlu,11.0,5,1,2,25-34
6638,1920.0,19,0,Soğuk/Karlı,19.0,3,1,1,25-34
6639,2230.0,19,0,Yağmurlu,17.0,4,1,2,25-34
6640,2620.0,19,0,Bulutlu,9.0,2,1,1,25-34
6641,3285.0,19,0,Yağmurlu,15.0,4,1,2,25-34
6642,2680.0,19,0,Bulutlu,12.0,4,1,2,25-34
6643,2135.0,20,0,Soğuk/Karlı,13.0,5,1,2,25-34
6644,1190.0,20,0,Güneşli,23.0,4,1,2,25-34
6645,1740.0,20,0,Soğuk/Karlı,15.0,4,1,2,25-34
6646,2775.0,20,0,Soğuk/Karlı,25.0,3,1,1,25-34
6647,3215.0,20,0,Soğuk/Karlı,21.0,4,1,2,25-34
6648,2125.0,20,0,Bulutlu,20.0,4,1,2,25-34
6649,2025.0,20,0,Bulutlu,21.0,4,1,2,25-34
6650,2400.0,20,0,Soğuk/Karlı,17.0,3,1,1,25-34
6651,3420.0,20,0,Bulutlu,19.0,5,1,2,25-34
6652,2985.0,20,0,Bulutlu,21.0,5,1,2,25-34
6653,2670.0,20,0,Soğuk/Karlı,14.0,4,1,2,25-34
6654,1750.0,20,0,Bulutlu,17.0,3,1,1,25-34
6655,3400.0,20,0,Güneşli,20.0,3,1,1,25-34
6656,1545.0,20,0,Soğuk/Karlı,21.0,3,1,1,25-34
6657,2745.0,20,0,Soğuk/Karlı,25.0,4,1,2,25-34
6658,1730.0,20,0,Yağmurlu,15.0,5,1,2,25-34
6659,2785.0,20,0,Yağmurlu,18.0,4,1,2,25-34
6660,2325.0,20,0,Bulutlu,18.0,2,1,1,25-34
6661,1460.0,20,0,Bulutlu,8.0,4,1,2,25-34
6662,3400.0,20,0,Soğuk/Karlı,12.0,3,1,1,25-34
6663,1680.0,20,0,Bulutlu,8.0,1,1,1,25-34
6664,1700.0,20,0,Yağmurlu,26.0,5,1,2,25-34
6665,1350.0,20,0,Yağmurlu,11.0,2,1,1,25-34
6666,2725.0,20,0,Yağmurlu,14.0,2,1,1,25-34
6667,2875.0,20,0,Bulutlu,20.0,4,1,2,25-34
6668,1720.0,20,0,Yağmurlu,23.0,5,1,2,25-34
6669,2940.0,20,0,Bulutlu,15.0,5,1,2,25-34
6670,2500.0,20,0,Bulutlu,24.0,3,1,1,25-34
6671,1000.0,20,0,Yağmurlu,18.0,3,1,1,25-34
6672,1710.0,20,0,Bulutlu,25.0,3,1,1,25-34
6673,2680.0,20,0,Soğuk/Karlı,8.0,3,1,1,25-34
6674,2350.0,20,0,Soğuk/Karlı,23.0,4,1,2,25-34
6675,2420.0,21,0,Soğuk/Karlı,23.0,5,1,2,25-34
6676,3670.0,21,0,Güneşli,9.0,3,1,1,25-34
6677,3570.0,21,0,Güneşli,8.0,2,1,1,25-34
6678,4165.0,21,0,Bulutlu,14.0,3,1,1,25-34
6679,4095.0,21,0,Yağmurlu,10.0,4,1,2,25-34
6680,2860.0,21,0,Bulutlu,13.0,3,1,1,25-34
6681,3420.0,21,0,Güneşli,11.0,3,1,1,25-34
6682,2880.0,21,0,Bulutlu,21.0,4,1,2,25-34
6683,2455.0,21,0,Güneşli,15.0,4,1,2,25-34
6684,3585.0,21,0,Güneşli,9.0,3,1,1,25-34
6685,4370.0,21,0,Yağmurlu,15.0,4,1,2,25-34
6686,1490.0,21,0,Yağmurlu,9.0,2,1,1,25-34
6687,2840.0,21,0,Yağmurlu,10.0,2,1,1,25-34
6688,2965.0,21,0,Soğuk/Karlı,26.0,5,1,2,25-34
6689,2490.0,21,0,Soğuk/Karlı,12.0,4,1,2,25-34
6690,3085.0,21,0,Soğuk/Karlı,24.0,4,1,2,25-34
6691,2305.0,21,0,Soğuk/Karlı,18.0,5,1,2,25-34
6692,3645.0,21,0,Soğuk/Karlı,23.0,5,1,2,25-34
6693,1905.0,21,0,Güneşli,9.0,4,1,2,25-34
6694,1250.0,21,0,Bulutlu,22.0,2,1,1,25-34
6695,1330.0,21,0,Yağmurlu,12.0,2,1,1,25-34
6696,1970.0,21,0,Soğuk/Karlı,15.0,3,1,1,25-34
6697,2050.0,21,0,Güneşli,16.0,4,1,2,25-34
6698,3750.0,21,0,Güneşli,12.0,5,1,2,25-34
6699,1895.0,21,0,Soğuk/Karlı,13.0,3,1,1,25-34
6700,2360.0,21,0,Yağmurlu,22.0,5,1,2,25-34
6701,2310.0,21,0,Soğuk/Karlı,11.0,4,1,2,25-34
6702,3750.0,21,0,Güneşli,20.0,4,1,2,25-34
6703,1520.0,21,0,Bulutlu,21.0,3,1,1,25-34
6704,2130.0,21,0,Yağmurlu,24.0,3,1,1,25-34
6705,1920.0,21,0,Bulutlu,13.0,4,1,2,25-34
6706,1710.0,21,0,Yağmurlu,10.0,3,1,1,25-34
6707,4120.0,21,0,Soğuk/Karlı,9.0,5,1,2,25-34
6708,930.0,21,0,Güneşli,25.0,2,1,1,25-34
6709,65.0,22,0,Yağmurlu,11.0,1,1,1,25-34
6710,270.0,23,0,Yağmurlu,21.0,2,1,1,25-34
6711,300.0,23,0,Bulutlu,21.0,2,1,1,25-34
6712,225.0,23,0,Soğuk/Karlı,21.0,2,1,1,25-34
6713,220.0,23,0,Soğuk/Karlı,13.0,2,1,1,25-34
6714,205.0,0,1,Bulutlu,20.0,2,0,1,25-34
6715,280.0,0,1,Soğuk/Karlı,19.0,2,0,1,25-34
6716,285.0,1,1,Soğuk/Karlı,26.0,2,0,1,25-34
6717,240.0,1,1,Soğuk/Karlı,13.0,2,0,1,25-34
6718,205.0,1,1,Bulutlu,9.0,2,0,1,25-34
6719,1075.0,8,1,Bulutlu,19.0,2,0,1,25-34
6720,700.0,8,1,Bulutlu,8.0,2,0,1,25-34
6721,530.0,8,1,Yağmurlu,20.0,2,0,1,25-34
6722,735.0,8,1,Soğuk/Karlı,25.0,2,0,1,25-34
6723,630.0,8,1,Yağmurlu,18.0,2,0,1,25-34
6724,425.0,8,1,Soğuk/Karlı,13.0,2,0,1,25-34
6725,665.0,9,1,Bulutlu,9.0,2,0,1,25-34
6726,970.0,9,1,Yağmurlu,20.0,2,0,1,25-34
6727,425.0,9,1,Yağmurlu,17.0,2,0,1,25-34
6728,665.0,9,1,Bulutlu,17.0,2,0,1,25-34
6729,665.0,9,1,Bulutlu,23.0,2,0,1,25-34
6730,1005.0,9,1,Yağmurlu,15.0,2,0,1,25-34
6731,735.0,9,1,Soğuk/Karlı,22.0,2,0,1,25-34
6732,1075.0,9,1,Soğuk/Karlı,24.0,2,0,1,25-34
6733,495.0,9,1,Yağmurlu,25.0,2,0,1,25-34
6734,1040.0,9,1,Bulutlu,8.0,2,0,1,25-34
6735,390.0,10,1,Soğuk/Karlı,23.0,2,0,1,25-34
6736,495.0,10,1,Bulutlu,10.0,2,0,1,25-34
6737,1005.0,10,1,Yağmurlu,26.0,2,0,1,25-34
6738,1110.0,10,1,Bulutlu,15.0,2,0,1,25-34
6739,630.0,10,1,Yağmurlu,25.0,2,0,1,25-34
6740,530.0,10,1,Yağmurlu,15.0,2,0,1,25-34
6741,700.0,10,1,Yağmurlu,18.0,2,0,1,25-34
6742,170.0,11,1,Güneşli,24.0,2,0,1,25-34
6743,225.0,11,1,Güneşli,21.0,2,0,1,25-34
6744,75.0,11,1,Yağmurlu,16.0,1,0,1,25-34
6745,185.0,11,1,Yağmurlu,18.0,2,0,1,25-34
6746,455.0,12,1,Yağmurlu,16.0,3,0,1,25-34
6747,395.0,12,1,Yağmurlu,18.0,2,0,1,25-34
6748,395.0,12,1,Güneşli,15.0,2,0,1,25-34
6749,465.0,12,1,Soğuk/Karlı,16.0,2,0,1,25-34
6750,535.0,12,1,Yağmurlu,18.0,3,0,1,25-34
6751,340.0,12,1,Bulutlu,16.0,2,0,1,25-34
6752,465.0,12,1,Yağmurlu,18.0,2,0,1,25-34
6753,455.0,12,1,Güneşli,21.0,3,0,1,25-34
6754,395.0,12,1,Güneşli,11.0,2,0,1,25-34
6755,465.0,12,1,Yağmurlu,17.0,2,0,1,25-34
6756,340.0,12,1,Yağmurlu,22.0,2,0,1,25-34
6757,465.0,12,1,Bulutlu,26.0,2,0,1,25-34
6758,535.0,12,1,Yağmurlu,15.0,3,0,1,25-34
6759,325.0,12,1,Yağmurlu,25.0,2,0,1,25-34
6760,355.0,12,1,Yağmurlu,24.0,2,0,1,25-34
6761,585.0,12,1,Soğuk/Karlı,11.0,3,0,1,25-34
6762,455.0,12,1,Yağmurlu,8.0,3,0,1,25-34
6763,355.0,12,1,Bulutlu,25.0,2,0,1,25-34
6764,495.0,12,1,Yağmurlu,25.0,3,0,1,25-34
6765,340.0,12,1,Soğuk/Karlı,26.0,2,0,1,25-34
6766,375.0,13,1,Soğuk/Karlı,11.0,2,0,1,25-34
6767,355.0,13,1,Güneşli,19.0,2,0,1,25-34
6768,325.0,13,1,Yağmurlu,10.0,2,0,1,25-34
6769,325.0,13,1,Yağmurlu,26.0,2,0,1,25-34
6770,445.0,13,1,Yağmurlu,16.0,2,0,1,25-34
6771,395.0,13,1,Güneşli,21.0,2,0,1,25-34
6772,535.0,13,1,Yağmurlu,8.0,3,0,1,25-34
6773,355.0,13,1,Güneşli,8.0,2,0,1,25-34
6774,465.0,13,1,Soğuk/Karlı,19.0,2,0,1,25-34
6775,325.0,13,1,Bulutlu,16.0,2,0,1,25-34
6776,445.0,13,1,Güneşli,13.0,2,0,1,25-34
6777,465.0,13,1,Yağmurlu,20.0,2,0,1,25-34
6778,455.0,13,1,Güneşli,26.0,3,0,1,25-34
6779,375.0,13,1,Güneşli,17.0,2,0,1,25-34
6780,325.0,13,1,Güneşli,17.0,2,0,1,25-34
6781,340.0,13,1,Güneşli,8.0,2,0,1,25-34
6782,535.0,13,1,Soğuk/Karlı,20.0,3,0,1,25-34
6783,340.0,13,1,Soğuk/Karlı,8.0,2,0,1,25-34
6784,445.0,13,1,Yağmurlu,10.0,2,0,1,25-34
6785,45.0,14,1,Soğuk/Karlı,18.0,1,0,1,25-34
6786,65.0,14,1,Güneşli,22.0,1,0,1,25-34
6787,35.0,14,1,Güneşli,26.0,1,0,1,25-34
6788,325.0,14,1,Yağmurlu,9.0,2,0,1,25-34
6789,285.0,15,1,Yağmurlu,20.0,2,0,1,25-34
6790,255.0,15,1,Güneşli,23.0,2,0,1,25-34
6791,45.0,15,1,Yağmurlu,9.0,1,0,1,25-34
6792,255.0,16,1,Yağmurlu,15.0,2,0,1,25-34
6793,170.0,16,1,Bulutlu,22.0,2,0,1,25-34
6794,115.0,16,1,Güneşli,14.0,1,0,1,25-34
6795,35.0,16,1,Güneşli,25.0,1,0,1,25-34
6796,115.0,17,1,Soğuk/Karlı,15.0,1,0,1,25-34
6797,75.0,17,1,Güneşli,12.0,1,0,1,25-34
6798,85.0,17,1,Güneşli,9.0,1,0,1,25-34
6799,65.0,18,1,Soğuk/Karlı,19.0,1,0,1,25-34
6800,115.0,18,1,Güneşli,9.0,1,0,1,25-34
6801,75.0,18,1,Bulutlu,9.0,1,0,1,25-34
6802,85.0,18,1,Soğuk/Karlı,25.0,1,0,1,25-34
6803,2840.0,19,1,Güneşli,23.0,5,0,2,25-34
6804,4250.0,19,1,Bulutlu,21.0,5,0,2,25-34
6805,3720.0,19,1,Soğuk/Karlı,17.0,4,0,2,25-34
6806,3415.0,19,1,Güneşli,19.0,4,0,2,25-34
6807,3280.0,19,1,Bulutlu,22.0,3,0,1,25-34
6808,3420.0,19,1,Güneşli,14.0,4,0,2,25-34
6809,2775.0,19,1,Güneşli,12.0,4,0,2,25-34
6810,1805.0,19,1,Bulutlu,14.0,5,0,2,25-34
6811,1505.0,19,1,Güneşli,13.0,4,0,2,25-34
6812,3440.0,19,1,Bulutlu,21.0,4,0,2,25-34
6813,2850.0,19,1,Soğuk/Karlı,16.0,3,0,1,25-34
6814,1340.0,19,1,Güneşli,14.0,4,0,2,25-34
6815,3035.0,19,1,Bulutlu,13.0,4,0,2,25-34
6816,1490.0,19,1,Bulutlu,26.0,3,0,1,25-34
6817,4025.0,19,1,Bulutlu,13.0,4,0,2,25-34
6818,2020.0,19,1,Yağmurlu,18.0,5,0,2,25-34
6819,2580.0,19,1,Bulutlu,21.0,2,0,1,25-34
6820,1220.0,19,1,Bulutlu,9.0,3,0,1,25-34
6821,2390.0,19,1,Yağmurlu,19.0,5,0,2,25-34
6822,2740.0,19,1,Soğuk/Karlı,11.0,3,0,1,25-34
6823,3125.0,19,1,Yağmurlu,23.0,2,0,1,25-34
6824,1700.0,19,1,Soğuk/Karlı,22.0,4,0,2,25-34
6825,1530.0,19,1,Soğuk/Karlı,22.0,3,0,1,25-34
6826,1990.0,19,1,Güneşli,16.0,4,0,2,25-34
6827,3750.0,19,1,Güneşli,16.0,5,0,2,25-34
6828,2670.0,20,1,Yağmurlu,24.0,4,0,2,25-34
6829,3395.0,20,1,Yağmurlu,22.0,3,0,1,25-34
6830,4955.0,20,1,Bulutlu,13.0,4,0,2,25-34
6831,1725.0,20,1,Güneşli,12.0,2,0,1,25-34
6832,3115.0,20,1,Soğuk/Karlı,14.0,4,0,2,25-34
6833,1665.0,20,1,Bulutlu,25.0,3,0,1,25-34
6834,1520.0,20,1,Soğuk/Karlı,12.0,3,0,1,25-34
6835,4150.0,20,1,Güneşli,19.0,3,0,1,25-34
6836,2505.0,20,1,Yağmurlu,15.0,5,0,2,25-34
6837,2130.0,20,1,Bulutlu,14.0,4,0,2,25-34
6838,4370.0,20,1,Güneşli,12.0,4,0,2,25-34
6839,3115.0,20,1,Bulutlu,17.0,4,0,2,25-34
6840,2125.0,20,1,Yağmurlu,22.0,5,0,2,25-34
6841,1960.0,20,1,Güneşli,9.0,5,0,2,25-34
6842,2325.0,20,1,Bulutlu,21.0,4,0,2,25-34
6843,2830.0,20,1,Güneşli,12.0,4,0,2,25-34
6844,3660.0,20,1,Bulutlu,20.0,4,0,2,25-34
6845,2010.0,20,1,Yağmurlu,24.0,5,0,2,25-34
6846,1815.0,20,1,Bulutlu,21.0,3,0,1,25-34
6847,1525.0,20,1,Yağmurlu,19.0,4,0,2,25-34
6848,2680.0,20,1,Soğuk/Karlı,19.0,4,0,2,25-34
6849,3105.0,20,1,Yağmurlu,20.0,5,0,2,25-34
6850,2270.0,20,1,Bulutlu,8.0,4,0,2,25-34
6851,3075.0,20,1,Bulutlu,26.0,4,0,2,25-34
6852,2415.0,20,1,Bulutlu,11.0,3,0,1,25-34
6853,1495.0,20,1,Yağmurlu,8.0,5,0,2,25-34
6854,3505.0,20,1,Yağmurlu,11.0,4,0,2,25-34
6855,1330.0,20,1,Bulutlu,17.0,2,0,1,25-34
6856,2495.0,20,1,Soğuk/Karlı,16.0,3,0,1,25-34
6857,4180.0,20,1,Bulutlu,21.0,5,0,2,25-34
6858,2995.0,20,1,Bulutlu,26.0,3,0,1,25-34
6859,2610.0,20,1,Yağmurlu,25.0,3,0,1,25-34
6860,2115.0,20,1,Yağmurlu,15.0,4,0,2,25-34
6861,1890.0,20,1,Güneşli,22.0,4,0,2,25-34
6862,4095.0,21,1,Bulutlu,23.0,4,0,2,25-34
6863,3015.0,21,1,Yağmurlu,22.0,4,0,2,25-34
6864,1820.0,21,1,Soğuk/Karlı,26.0,2,0,1,25-34
6865,2620.0,21,1,Soğuk/Karlı,24.0,4,0,2,25-34
6866,3190.0,21,1,Soğuk/Karlı,10.0,4,0,2,25-34
6867,2205.0,21,1,Bulutlu,26.0,5,0,2,25-34
6868,2205.0,21,1,Soğuk/Karlı,10.0,4,0,2,25-34
6869,2730.0,21,1,Yağmurlu,17.0,4,0,2,25-34
6870,3940.0,21,1,Güneşli,24.0,4,0,2,25-34
6871,1760.0,21,1,Güneşli,14.0,5,0,2,25-34
6872,1965.0,21,1,Bulutlu,16.0,3,0,1,25-34
6873,1545.0,21,1,Yağmurlu,12.0,4,0,2,25-34
6874,1620.0,21,1,Soğuk/Karlı,15.0,4,0,2,25-34
6875,2615.0,21,1,Güneşli,22.0,5,0,2,25-34
6876,2810.0,21,1,Güneşli,19.0,5,0,2,25-34
6877,3250.0,21,1,Güneşli,23.0,3,0,1,25-34
6878,60.0,22,1,Güneşli,15.0,1,0,1,25-34
6879,130.0,23,1,Güneşli,14.0,1,0,1,25-34
6880,115.0,23,1,Güneşli,24.0,1,0,1,25-34
6881,115.0,23,1,Bulutlu,19.0,1,0,1,25-34
6882,245.0,0,2,Güneşli,12.0,2,0,1,25-34
6883,190.0,0,2,Güneşli,15.0,2,0,1,25-34
6884,245.0,0,2,Yağmurlu,18.0,2,0,1,25-34
6885,85.0,1,2,Güneşli,20.0,1,0,1,25-34
6886,220.0,1,2,Bulutlu,16.0,2,0,1,25-34
6887,180.0,1,2,Soğuk/Karlı,13.0,2,0,1,25-34
6888,770.0,8,2,Yağmurlu,26.0,2,0,1,25-34
6889,970.0,8,2,Güneşli,25.0,2,0,1,25-34
6890,495.0,8,2,Güneşli,12.0,2,0,1,25-34
6891,460.0,8,2,Yağmurlu,14.0,2,0,1,25-34
6892,1040.0,8,2,Soğuk/Karlı,19.0,2,0,1,25-34
6893,460.0,8,2,Güneşli,8.0,2,0,1,25-34
6894,1075.0,8,2,Bulutlu,11.0,2,0,1,25-34
6895,530.0,8,2,Soğuk/Karlı,15.0,2,0,1,25-34
6896,665.0,8,2,Soğuk/Karlı,10.0,2,0,1,25-34
6897,970.0,8,2,Yağmurlu,17.0,2,0,1,25-34
6898,700.0,8,2,Yağmurlu,18.0,2,0,1,25-34
6899,735.0,8,2,Güneşli,17.0,2,0,1,25-34
6900,1110.0,9,2,Bulutlu,13.0,2,0,1,25-34
6901,390.0,9,2,Soğuk/Karlı,26.0,2,0,1,25-34
6902,460.0,9,2,Güneşli,14.0,2,0,1,25-34
6903,460.0,9,2,Soğuk/Karlı,21.0,2,0,1,25-34
6904,665.0,9,2,Bulutlu,12.0,2,0,1,25-34
6905,665.0,9,2,Bulutlu,11.0,2,0,1,25-34
6906,735.0,9,2,Soğuk/Karlı,26.0,2,0,1,25-34
6907,970.0,9,2,Soğuk/Karlı,26.0,2,0,1,25-34
6908,630.0,10,2,Yağmurlu,10.0,2,0,1,25-34
6909,1075.0,10,2,Yağmurlu,26.0,2,0,1,25-34
6910,665.0,10,2,Bulutlu,14.0,2,0,1,25-34
6911,630.0,10,2,Bulutlu,23.0,2,0,1,25-34
6912,425.0,10,2,Soğuk/Karlı,9.0,2,0,1,25-34
6913,770.0,10,2,Yağmurlu,19.0,2,0,1,25-34
6914,1005.0,10,2,Soğuk/Karlı,11.0,2,0,1,25-34
6915,770.0,10,2,Güneşli,17.0,2,0,1,25-34
6916,770.0,10,2,Soğuk/Karlı,13.0,2,0,1,25-34
6917,425.0,10,2,Güneşli,20.0,2,0,1,25-34
6918,75.0,11,2,Güneşli,10.0,1,0,1,25-34
6919,535.0,12,2,Bulutlu,20.0,3,0,1,25-34
6920,355.0,12,2,Soğuk/Karlı,8.0,2,0,1,25-34
6921,325.0,12,2,Bulutlu,11.0,2,0,1,25-34
6922,340.0,12,2,Bulutlu,11.0,2,0,1,25-34
6923,585.0,12,2,Güneşli,24.0,3,0,1,25-34
6924,585.0,12,2,Soğuk/Karlı,19.0,3,0,1,25-34
6925,355.0,12,2,Güneşli,19.0,2,0,1,25-34
6926,535.0,12,2,Yağmurlu,23.0,3,0,1,25-34
6927,495.0,12,2,Bulutlu,16.0,3,0,1,25-34
6928,325.0,12,2,Güneşli,18.0,2,0,1,25-34
6929,455.0,12,2,Yağmurlu,12.0,3,0,1,25-34
6930,395.0,12,2,Soğuk/Karlı,26.0,2,0,1,25-34
6931,495.0,12,2,Yağmurlu,23.0,3,0,1,25-34
6932,455.0,12,2,Bulutlu,17.0,3,0,1,25-34
6933,455.0,12,2,Yağmurlu,18.0,3,0,1,25-34
6934,395.0,13,2,Soğuk/Karlı,17.0,2,0,1,25-34
6935,495.0,13,2,Bulutlu,14.0,3,0,1,25-34
6936,395.0,13,2,Yağmurlu,15.0,2,0,1,25-34
6937,585.0,13,2,Soğuk/Karlı,10.0,3,0,1,25-34
6938,585.0,13,2,Bulutlu,11.0,3,0,1,25-34
6939,395.0,13,2,Yağmurlu,21.0,2,0,1,25-34
6940,465.0,13,2,Güneşli,23.0,2,0,1,25-34
6941,495.0,13,2,Yağmurlu,9.0,3,0,1,25-34
6942,445.0,13,2,Yağmurlu,9.0,2,0,1,25-34
6943,585.0,13,2,Soğuk/Karlı,9.0,3,0,1,25-34
6944,375.0,13,2,Güneşli,16.0,2,0,1,25-34
6945,585.0,13,2,Yağmurlu,25.0,3,0,1,25-34
6946,340.0,13,2,Yağmurlu,19.0,2,0,1,25-34
6947,340.0,13,2,Güneşli,19.0,2,0,1,25-34
6948,325.0,13,2,Soğuk/Karlı,17.0,2,0,1,25-34
6949,355.0,13,2,Güneşli,15.0,2,0,1,25-34
6950,495.0,13,2,Bulutlu,9.0,3,0,1,25-34
6951,495.0,13,2,Yağmurlu,17.0,3,0,1,25-34
6952,445.0,13,2,Yağmurlu,13.0,2,0,1,25-34
6953,495.0,13,2,Soğuk/Karlı,14.0,3,0,1,25-34
6954,455.0,13,2,Soğuk/Karlı,24.0,3,0,1,25-34
6955,375.0,13,2,Bulutlu,10.0,2,0,1,25-34
6956,535.0,13,2,Yağmurlu,16.0,3,0,1,25-34
6957,180.0,14,2,Güneşli,26.0,2,0,1,25-34
6958,115.0,14,2,Güneşli,24.0,1,0,1,25-34
6959,75.0,15,2,Bulutlu,19.0,1,0,1,25-34
6960,115.0,15,2,Yağmurlu,22.0,1,0,1,25-34
6961,115.0,16,2,Yağmurlu,15.0,1,0,1,25-34
6962,160.0,16,2,Soğuk/Karlı,17.0,2,0,1,25-34
6963,290.0,16,2,Soğuk/Karlı,18.0,2,0,1,25-34
6964,60.0,17,2,Yağmurlu,25.0,1,0,1,25-34
6965,65.0,17,2,Yağmurlu,19.0,1,0,1,25-34
6966,75.0,18,2,Bulutlu,24.0,1,0,1,25-34
6967,130.0,18,2,Soğuk/Karlı,25.0,2,0,1,25-34
6968,1860.0,19,2,Soğuk/Karlı,23.0,3,0,1,25-34
6969,2565.0,19,2,Soğuk/Karlı,22.0,4,0,2,25-34
6970,1310.0,19,2,Bulutlu,26.0,4,0,2,25-34
6971,2055.0,19,2,Yağmurlu,25.0,2,0,1,25-34
6972,3020.0,19,2,Bulutlu,9.0,5,0,2,25-34
6973,1580.0,19,2,Güneşli,19.0,4,0,2,25-34
6974,2550.0,19,2,Bulutlu,21.0,3,0,1,25-34
6975,1905.0,19,2,Güneşli,15.0,3,0,1,25-34
6976,1970.0,19,2,Güneşli,12.0,3,0,1,25-34
6977,1255.0,19,2,Güneşli,12.0,3,0,1,25-34
6978,2925.0,19,2,Yağmurlu,13.0,5,0,2,25-34
6979,1975.0,19,2,Soğuk/Karlı,23.0,4,0,2,25-34
6980,3965.0,19,2,Güneşli,18.0,4,0,2,25-34
6981,3425.0,19,2,Yağmurlu,12.0,3,0,1,25-34
6982,2070.0,19,2,Bulutlu,8.0,4,0,2,25-34
6983,3000.0,19,2,Bulutlu,18.0,5,0,2,25-34
6984,3505.0,19,2,Bulutlu,25.0,4,0,2,25-34
6985,2675.0,19,2,Güneşli,22.0,4,0,2,25-34
6986,3820.0,19,2,Bulutlu,20.0,2,0,1,25-34
6987,3360.0,19,2,Bulutlu,23.0,4,0,2,25-34
6988,3190.0,19,2,Bulutlu,13.0,5,0,2,25-34
6989,1710.0,19,2,Güneşli,21.0,3,0,1,25-34
6990,1085.0,19,2,Güneşli,14.0,4,0,2,25-34
6991,1180.0,19,2,Bulutlu,22.0,3,0,1,25-34
6992,1520.0,19,2,Soğuk/Karlı,15.0,3,0,1,25-34
6993,1100.0,19,2,Güneşli,18.0,3,0,1,25-34
6994,3135.0,19,2,Yağmurlu,19.0,5,0,2,25-34
6995,1920.0,19,2,Soğuk/Karlı,21.0,5,0,2,25-34
6996,2170.0,19,2,Güneşli,15.0,4,0,2,25-34
6997,3925.0,19,2,Güneşli,15.0,2,0,1,25-34
6998,1520.0,19,2,Soğuk/Karlı,21.0,3,0,1,25-34
6999,3540.0,20,2,Soğuk/Karlı,11.0,3,0,1,25-34
7000,3520.0,20,2,Güneşli,24.0,2,0,1,25-34
7001,3040.0,20,2,Yağmurlu,21.0,4,0,2,25-34
7002,2625.0,20,2,Bulutlu,26.0,4,0,2,25-34
7003,2760.0,20,2,Soğuk/Karlı,15.0,2,0,1,25-34
7004,1700.0,20,2,Güneşli,19.0,3,0,1,25-34
7005,3530.0,20,2,Yağmurlu,23.0,3,0,1,25-34
7006,2200.0,20,2,Soğuk/Karlı,8.0,3,0,1,25-34
7007,2210.0,20,2,Soğuk/Karlı,20.0,4,0,2,25-34
7008,1460.0,20,2,Yağmurlu,11.0,4,0,2,25-34
7009,1420.0,20,2,Bulutlu,20.0,4,0,2,25-34
7010,2550.0,20,2,Güneşli,16.0,4,0,2,25-34
7011,3570.0,20,2,Güneşli,8.0,4,0,2,25-34
7012,1570.0,20,2,Yağmurlu,21.0,3,0,1,25-34
7013,2950.0,20,2,Güneşli,20.0,5,0,2,25-34
7014,3930.0,20,2,Yağmurlu,17.0,4,0,2,25-34
7015,2605.0,20,2,Bulutlu,10.0,5,0,2,25-34
7016,2070.0,20,2,Bulutlu,20.0,3,0,1,25-34
7017,2820.0,20,2,Güneşli,18.0,1,0,1,25-34
7018,2040.0,20,2,Yağmurlu,23.0,4,0,2,25-34
7019,2110.0,20,2,Soğuk/Karlı,20.0,5,0,2,25-34
7020,4130.0,20,2,Bulutlu,17.0,4,0,2,25-34
7021,2800.0,20,2,Soğuk/Karlı,11.0,4,0,2,25-34
7022,4370.0,20,2,Bulutlu,14.0,4,0,2,25-34
7023,2160.0,20,2,Güneşli,16.0,4,0,2,25-34
7024,569.6,14,0,Güneşli,15.8,3,1,1,25-34
7025,230.0,14,0,Güneşli,15.8,2,1,1,25-34
